date,pe,ep,cn10y,spread_ep
2018-01-02,14.25,7.02,3.9,3.12
2018-01-03,14.32,6.98,3.92,3.07
2018-01-04,14.37,6.96,3.93,3.03
2018-01-05,14.41,6.94,3.92,3.02
2018-01-08,14.47,6.91,3.91,3.0
2018-01-09,14.52,6.89,3.89,3.0
2018-01-10,14.63,6.84,3.92,2.92
2018-01-11,14.65,6.83,3.95,2.87
2018-01-12,14.7,6.8,3.93,2.87
2018-01-15,14.72,6.79,3.96,2.83
2018-01-16,14.8,6.76,3.96,2.8
2018-01-17,14.84,6.74,3.96,2.78
2018-01-18,15.03,6.65,3.98,2.67
2018-01-19,15.12,6.61,3.98,2.64
2018-01-22,15.21,6.57,3.95,2.62
2018-01-23,15.52,6.44,3.94,2.5
2018-01-24,15.53,6.44,3.95,2.49
2018-01-25,15.44,6.48,3.94,2.53
2018-01-26,15.51,6.45,3.94,2.51
2018-01-29,15.31,6.53,3.94,2.59
2018-01-30,15.1,6.62,3.93,2.69
2018-01-31,15.19,6.58,3.91,2.67
2018-02-01,15.19,6.58,3.91,2.68
2018-02-02,15.3,6.54,3.91,2.63
2018-02-05,15.43,6.48,3.92,2.56
2018-02-06,14.99,6.67,3.88,2.79
2018-02-07,14.56,6.87,3.87,3.0
2018-02-08,14.27,7.01,3.88,3.13
2018-02-09,13.69,7.3,3.88,3.42
2018-02-12,13.76,7.27,3.88,3.39
2018-02-13,13.93,7.18,3.87,3.31
2018-02-14,14.0,7.14,3.87,3.27
2018-02-22,14.33,6.98,3.88,3.1
2018-02-23,14.41,6.94,3.87,3.07
2018-02-26,14.54,6.88,3.85,3.03
2018-02-27,14.3,6.99,3.82,3.17
2018-02-28,14.12,7.08,3.82,3.26
2018-03-01,14.18,7.05,3.82,3.23
2018-03-02,14.08,7.1,3.84,3.27
2018-03-05,14.08,7.1,3.85,3.26
2018-03-06,14.21,7.04,3.83,3.21
2018-03-07,14.15,7.07,3.82,3.25
2018-03-08,14.23,7.03,3.82,3.21
2018-03-09,14.3,6.99,3.83,3.17
2018-03-12,14.33,6.98,3.82,3.15
2018-03-13,14.23,7.03,3.84,3.19
2018-03-14,14.17,7.06,3.84,3.22
2018-03-15,14.21,7.04,3.83,3.21
2018-03-16,14.09,7.1,3.82,3.28
2018-03-19,14.15,7.07,3.81,3.26
2018-03-20,14.21,7.04,3.79,3.25
2018-03-21,14.05,7.12,3.76,3.35
2018-03-22,13.94,7.17,3.75,3.43
2018-03-23,13.57,7.37,3.7,3.67
2018-03-26,13.39,7.47,3.73,3.74
2018-03-27,13.44,7.44,3.74,3.7
2018-03-28,13.2,7.58,3.74,3.84
2018-03-29,13.39,7.47,3.75,3.72
2018-03-30,13.37,7.48,3.74,3.74
2018-04-02,13.29,7.52,3.74,3.79
2018-04-03,13.19,7.58,3.75,3.83
2018-04-04,13.15,7.6,3.72,3.88
2018-04-09,13.16,7.6,3.7,3.9
2018-04-10,13.44,7.44,3.72,3.72
2018-04-11,13.51,7.4,3.71,3.69
2018-04-12,13.35,7.49,3.71,3.78
2018-04-13,13.24,7.55,3.71,3.85
2018-04-16,12.99,7.7,3.66,4.04
2018-04-17,12.82,7.8,3.65,4.15
2018-04-18,12.91,7.75,3.5,4.24
2018-04-19,13.03,7.67,3.51,4.17
2018-04-20,12.87,7.77,3.52,4.25
2018-04-23,12.89,7.76,3.6,4.16
2018-04-24,13.12,7.62,3.59,4.04
2018-04-25,13.02,7.68,3.61,4.07
2018-04-26,12.8,7.81,3.63,4.18
2018-04-27,12.74,7.85,3.64,4.21
2018-05-02,12.56,7.96,3.67,4.3
2018-05-03,12.63,7.92,3.65,4.27
2018-05-04,12.57,7.96,3.63,4.32
2018-05-07,12.75,7.84,3.65,4.19
2018-05-08,12.88,7.76,3.69,4.07
2018-05-09,12.87,7.77,3.71,4.06
2018-05-10,12.93,7.73,3.69,4.04
2018-05-11,12.91,7.75,3.69,4.06
2018-05-14,13.0,7.69,3.69,4.0
2018-05-15,13.04,7.67,3.72,3.95
2018-05-16,12.91,7.75,3.71,4.04
2018-05-17,12.84,7.79,3.71,4.08
2018-05-18,13.02,7.68,3.71,3.97
2018-05-21,13.05,7.66,3.69,3.97
2018-05-22,12.99,7.7,3.67,4.03
2018-05-23,12.79,7.82,3.64,4.18
2018-05-24,12.7,7.87,3.65,4.22
2018-05-25,12.66,7.9,3.61,4.29
2018-05-28,12.68,7.89,3.61,4.28
2018-05-29,12.6,7.94,3.6,4.34
2018-05-30,12.33,8.11,3.6,4.51
2018-05-31,12.55,7.97,3.61,4.36
2018-06-01,12.47,8.02,3.62,4.4
2018-06-04,12.56,7.96,3.65,4.31
2018-06-05,12.63,7.92,3.66,4.26
2018-06-06,12.6,7.94,3.66,4.28
2018-06-07,12.61,7.93,3.67,4.26
2018-06-08,12.43,8.05,3.65,4.4
2018-06-11,12.62,7.92,3.65,4.27
2018-06-12,12.75,7.84,3.69,4.16
2018-06-13,12.64,7.91,3.66,4.25
2018-06-14,12.62,7.92,3.62,4.3
2018-06-15,12.6,7.94,3.6,4.33
2018-06-19,12.26,8.16,3.56,4.6
2018-06-20,12.25,8.16,3.61,4.56
2018-06-21,12.12,8.25,3.58,4.68
2018-06-22,12.15,8.23,3.56,4.67
2018-06-25,11.98,8.35,3.58,4.77
2018-06-26,11.86,8.43,3.58,4.85
2018-06-27,11.67,8.57,3.55,5.02
2018-06-28,11.56,8.65,3.53,5.12
2018-06-29,11.81,8.47,3.48,4.99
2018-07-02,11.45,8.73,3.47,5.27
2018-07-03,11.47,8.72,3.5,5.22
2018-07-04,11.4,8.77,3.51,5.26
2018-07-05,11.37,8.8,3.5,5.29
2018-07-06,11.43,8.75,3.53,5.22
2018-07-09,11.76,8.5,3.54,4.96
2018-07-10,11.79,8.48,3.54,4.94
2018-07-11,11.6,8.62,3.51,5.11
2018-07-12,11.85,8.44,3.52,4.92
2018-07-13,11.81,8.47,3.49,4.98
2018-07-16,11.7,8.55,3.48,5.07
2018-07-17,11.58,8.64,3.48,5.15
2018-07-18,11.54,8.67,3.47,5.19
2018-07-19,11.51,8.69,3.44,5.25
2018-07-20,11.79,8.48,3.51,4.97
2018-07-23,11.92,8.39,3.52,4.87
2018-07-24,12.09,8.27,3.56,4.71
2018-07-25,12.07,8.29,3.56,4.72
2018-07-26,11.95,8.37,3.54,4.83
2018-07-27,11.91,8.4,3.52,4.88
2018-07-30,11.92,8.39,3.52,4.87
2018-07-31,11.93,8.38,3.48,4.9
2018-08-01,11.69,8.55,3.46,5.09
2018-08-02,11.45,8.73,3.47,5.26
2018-08-03,11.33,8.83,3.46,5.37
2018-08-06,11.23,8.9,3.46,5.45
2018-08-07,11.55,8.66,3.49,5.17
2018-08-08,11.39,8.78,3.52,5.26
2018-08-09,11.61,8.61,3.55,5.07
2018-08-10,11.59,8.63,3.55,5.08
2018-08-13,11.51,8.69,3.58,5.11
2018-08-14,11.48,8.71,3.55,5.16
2018-08-15,11.23,8.9,3.58,5.32
2018-08-16,11.18,8.94,3.61,5.33
2018-08-17,11.04,9.06,3.65,5.41
2018-08-20,11.19,8.94,3.63,5.3
2018-08-21,11.35,8.81,3.63,5.18
2018-08-22,11.22,8.91,3.61,5.31
2018-08-23,11.25,8.89,3.61,5.28
2018-08-24,11.3,8.85,3.63,5.22
2018-08-27,11.47,8.72,3.63,5.09
2018-08-28,11.41,8.76,3.61,5.15
2018-08-29,11.31,8.84,3.61,5.23
2018-08-30,11.17,8.95,3.58,5.37
2018-08-31,11.09,9.02,3.58,5.44
2018-09-03,11.06,9.04,3.6,5.45
2018-09-04,11.19,8.94,3.61,5.33
2018-09-05,10.97,9.12,3.61,5.51
2018-09-06,10.89,9.18,3.61,5.57
2018-09-07,10.93,9.15,3.63,5.52
2018-09-10,10.81,9.25,3.66,5.6
2018-09-11,10.79,9.27,3.68,5.59
2018-09-12,10.73,9.32,3.66,5.66
2018-09-13,10.87,9.2,3.65,5.55
2018-09-14,10.88,9.19,3.64,5.56
2018-09-17,10.78,9.28,3.63,5.64
2018-09-18,10.97,9.12,3.65,5.47
2018-09-19,11.11,9.0,3.67,5.33
2018-09-20,11.11,9.0,3.7,5.3
2018-09-21,11.46,8.73,3.68,5.05
2018-09-25,11.36,8.8,3.68,5.13
2018-09-26,11.48,8.71,3.65,5.06
2018-09-27,11.45,8.73,3.63,5.11
2018-09-28,11.58,8.64,3.62,5.02
2018-10-08,11.1,9.01,3.62,5.39
2018-10-09,11.11,9.0,3.62,5.39
2018-10-10,11.12,8.99,3.62,5.38
2018-10-11,10.62,9.42,3.58,5.84
2018-10-12,10.8,9.26,3.58,5.68
2018-10-15,10.64,9.4,3.59,5.81
2018-10-16,10.6,9.43,3.58,5.86
2018-10-17,10.66,9.38,3.58,5.8
2018-10-18,10.38,9.63,3.55,6.08
2018-10-19,10.67,9.37,3.57,5.81
2018-10-22,11.08,9.03,3.59,5.43
2018-10-23,10.78,9.28,3.57,5.71
2018-10-24,10.82,9.24,3.54,5.7
2018-10-25,10.83,9.23,3.54,5.69
2018-10-26,10.83,9.23,3.54,5.69
2018-10-29,10.54,9.49,3.51,5.98
2018-10-30,10.62,9.42,3.52,5.9
2018-10-31,10.6,9.43,3.51,5.93
2018-11-01,10.63,9.41,3.49,5.91
2018-11-02,10.93,9.15,3.55,5.6
2018-11-05,10.83,9.23,3.53,5.7
2018-11-06,10.78,9.28,3.51,5.77
2018-11-07,10.71,9.34,3.48,5.86
2018-11-08,10.69,9.35,3.48,5.87
2018-11-09,10.5,9.52,3.48,6.05
2018-11-12,10.59,9.44,3.49,5.96
2018-11-13,10.66,9.38,3.47,5.91
2018-11-14,10.54,9.49,3.42,6.07
2018-11-15,10.66,9.38,3.39,5.99
2018-11-16,10.69,9.35,3.35,6.0
2018-11-19,10.81,9.25,3.38,5.87
2018-11-20,10.59,9.44,3.38,6.07
2018-11-21,10.6,9.43,3.37,6.06
2018-11-22,10.57,9.46,3.39,6.07
2018-11-23,10.37,9.64,3.39,6.25
2018-11-26,10.36,9.65,3.42,6.24
2018-11-27,10.34,9.67,3.4,6.27
2018-11-28,10.45,9.57,3.37,6.2
2018-11-29,10.34,9.67,3.36,6.31
2018-11-30,10.44,9.58,3.35,6.22
2018-12-03,10.7,9.35,3.35,6.0
2018-12-04,10.72,9.33,3.31,6.02
2018-12-05,10.66,9.38,3.27,6.11
2018-12-06,10.47,9.55,3.28,6.28
2018-12-07,10.45,9.57,3.29,6.28
2018-12-10,10.35,9.66,3.27,6.39
2018-12-11,10.39,9.62,3.27,6.36
2018-12-12,10.44,9.58,3.27,6.31
2018-12-13,10.58,9.45,3.33,6.12
2018-12-14,10.43,9.59,3.35,6.24
2018-12-17,10.55,9.48,3.37,6.11
2018-12-18,10.45,9.57,3.37,6.2
2018-12-19,10.34,9.67,3.34,6.33
2018-12-20,10.25,9.76,3.3,6.46
2018-12-21,10.15,9.85,3.32,6.54
2018-12-24,10.17,9.83,3.35,6.48
2018-12-25,10.1,9.9,3.31,6.59
2018-12-26,10.07,9.93,3.3,6.63
2018-12-27,10.03,9.97,3.27,6.7
2018-12-28,10.09,9.91,3.23,6.68
2019-01-02,9.94,10.06,3.17,6.89
2019-01-03,9.95,10.05,3.14,6.91
2019-01-04,10.15,9.85,3.15,6.7
2019-01-07,10.19,9.81,3.15,6.66
2019-01-08,10.16,9.84,3.12,6.72
2019-01-09,10.26,9.75,3.11,6.64
2019-01-10,10.22,9.78,3.1,6.68
2019-01-11,10.29,9.72,3.11,6.61
2019-01-14,10.2,9.8,3.13,6.67
2019-01-15,10.36,9.65,3.14,6.51
2019-01-16,10.37,9.64,3.07,6.57
2019-01-17,10.33,9.68,3.08,6.6
2019-01-18,10.52,9.51,3.09,6.41
2019-01-21,10.58,9.45,3.1,6.35
2019-01-22,10.45,9.57,3.11,6.46
2019-01-23,10.45,9.57,3.12,6.45
2019-01-24,10.5,9.52,3.13,6.39
2019-01-25,10.59,9.44,3.14,6.3
2019-01-28,10.63,9.41,3.14,6.27
2019-01-29,10.67,9.37,3.12,6.25
2019-01-30,10.61,9.43,3.12,6.31
2019-01-31,10.74,9.31,3.1,6.21
2019-02-01,10.86,9.21,3.1,6.1
2019-02-11,10.99,9.1,3.07,6.03
2019-02-12,11.04,9.06,3.07,5.98
2019-02-13,11.27,8.87,3.07,5.8
2019-02-14,11.25,8.89,3.07,5.82
2019-02-15,11.04,9.06,3.08,5.98
2019-02-18,11.35,8.81,3.11,5.7
2019-02-19,11.34,8.82,3.13,5.69
2019-02-20,11.38,8.79,3.12,5.67
2019-02-21,11.34,8.82,3.14,5.68
2019-02-22,11.54,8.67,3.15,5.52
2019-02-25,12.21,8.19,3.18,5.01
2019-02-26,12.06,8.29,3.19,5.1
2019-02-27,12.1,8.26,3.17,5.1
2019-02-28,12.06,8.29,3.17,5.12
2019-03-01,12.32,8.12,3.19,4.93
2019-03-04,12.44,8.04,3.2,4.84
2019-03-05,12.48,8.01,3.21,4.8
2019-03-06,12.6,7.94,3.2,4.73
2019-03-07,12.48,8.01,3.16,4.86
2019-03-08,11.97,8.35,3.14,5.21
2019-03-11,12.15,8.23,3.14,5.09
2019-03-12,12.24,8.17,3.14,5.03
2019-03-13,12.11,8.26,3.14,5.12
2019-03-14,12.03,8.31,3.15,5.17
2019-03-15,12.15,8.23,3.14,5.09
2019-03-18,12.46,8.03,3.14,4.89
2019-03-19,12.43,8.05,3.14,4.91
2019-03-20,12.41,8.06,3.15,4.91
2019-03-21,12.41,8.06,3.13,4.93
2019-03-22,12.39,8.07,3.11,4.96
2019-03-25,12.09,8.27,3.08,5.19
2019-03-26,11.96,8.36,3.06,5.3
2019-03-27,12.08,8.28,3.09,5.19
2019-03-28,12.09,8.27,3.06,5.21
2019-03-29,12.5,8.0,3.07,4.93
2019-04-01,12.83,7.79,3.13,4.66
2019-04-02,12.82,7.8,3.17,4.63
2019-04-03,12.98,7.7,3.23,4.47
2019-04-04,13.13,7.62,3.27,4.35
2019-04-08,13.12,7.62,3.25,4.37
2019-04-09,13.12,7.62,3.29,4.33
2019-04-10,13.13,7.62,3.29,4.32
2019-04-11,12.89,7.76,3.28,4.48
2019-04-12,12.87,7.77,3.33,4.44
2019-04-15,12.8,7.81,3.37,4.44
2019-04-16,13.17,7.59,3.39,4.2
2019-04-17,13.2,7.58,3.39,4.18
2019-04-18,13.14,7.61,3.36,4.25
2019-04-19,13.23,7.56,3.37,4.18
2019-04-22,12.94,7.73,3.41,4.32
2019-04-23,12.9,7.75,3.4,4.35
2019-04-24,12.91,7.75,3.43,4.31
2019-04-25,12.66,7.9,3.42,4.48
2019-04-26,12.43,8.05,3.4,4.64
2019-04-29,12.4,8.06,3.43,4.64
2019-04-30,12.27,8.15,3.39,4.76
2019-05-06,11.62,8.61,3.35,5.25
2019-05-07,11.69,8.55,3.36,5.2
2019-05-08,11.53,8.67,3.34,5.33
2019-05-09,11.34,8.82,3.31,5.51
2019-05-10,11.68,8.56,3.3,5.26
2019-05-13,11.51,8.69,3.27,5.42
2019-05-14,11.45,8.73,3.29,5.45
2019-05-15,11.67,8.57,3.28,5.29
2019-05-16,11.72,8.53,3.27,5.27
2019-05-17,11.46,8.73,3.27,5.46
2019-05-20,11.42,8.76,3.27,5.48
2019-05-21,11.54,8.67,3.3,5.37
2019-05-22,11.5,8.7,3.33,5.37
2019-05-23,11.34,8.82,3.31,5.51
2019-05-24,11.37,8.8,3.31,5.48
2019-05-27,11.48,8.71,3.35,5.36
2019-05-28,11.58,8.64,3.31,5.33
2019-05-29,11.56,8.65,3.29,5.36
2019-05-30,11.52,8.68,3.27,5.41
2019-05-31,11.48,8.71,3.28,5.44
2019-06-03,11.48,8.71,3.24,5.47
2019-06-04,11.41,8.76,3.21,5.55
2019-06-05,11.42,8.76,3.21,5.55
2019-06-06,11.34,8.82,3.21,5.6
2019-06-10,11.46,8.73,3.23,5.5
2019-06-11,11.72,8.53,3.27,5.27
2019-06-12,11.64,8.59,3.26,5.33
2019-06-13,11.62,8.61,3.25,5.36
2019-06-14,11.54,8.67,3.23,5.44
2019-06-17,11.77,8.5,3.23,5.27
2019-06-18,11.8,8.47,3.23,5.24
2019-06-19,11.92,8.39,3.24,5.15
2019-06-20,12.24,8.17,3.24,4.93
2019-06-21,12.26,8.16,3.23,4.93
2019-06-24,12.29,8.14,3.25,4.89
2019-06-25,12.17,8.22,3.24,4.98
2019-06-26,12.15,8.23,3.25,4.99
2019-06-27,12.25,8.16,3.26,4.91
2019-06-28,12.22,8.18,3.23,4.96
2019-07-01,12.5,8.0,3.23,4.77
2019-07-02,12.49,8.01,3.17,4.84
2019-07-03,12.39,8.07,3.16,4.92
2019-07-04,12.35,8.1,3.15,4.95
2019-07-05,12.39,8.07,3.17,4.9
2019-07-08,12.11,8.26,3.18,5.08
2019-07-09,12.07,8.29,3.17,5.12
2019-07-10,12.01,8.33,3.17,5.16
2019-07-11,12.02,8.32,3.17,5.15
2019-07-12,12.1,8.26,3.15,5.11
2019-07-15,12.13,8.24,3.18,5.07
2019-07-16,12.08,8.28,3.17,5.1
2019-07-17,12.07,8.29,3.18,5.11
2019-07-18,11.97,8.35,3.16,5.19
2019-07-19,12.07,8.29,3.16,5.13
2019-07-22,11.98,8.35,3.15,5.2
2019-07-23,12.01,8.33,3.15,5.18
2019-07-24,12.1,8.26,3.17,5.09
2019-07-25,12.16,8.22,3.16,5.06
2019-07-26,12.18,8.21,3.17,5.04
2019-07-29,12.16,8.22,3.18,5.04
2019-07-30,12.22,8.18,3.18,5.01
2019-07-31,12.14,8.24,3.16,5.08
2019-08-01,12.04,8.31,3.15,5.16
2019-08-02,11.86,8.43,3.09,5.34
2019-08-05,11.64,8.59,3.06,5.53
2019-08-06,11.52,8.68,3.06,5.62
2019-08-07,11.47,8.72,3.05,5.67
2019-08-08,11.6,8.62,3.05,5.57
2019-08-09,11.52,8.68,3.02,5.66
2019-08-12,11.69,8.55,3.04,5.52
2019-08-13,11.58,8.64,3.0,5.63
2019-08-14,11.63,8.6,3.01,5.59
2019-08-15,11.65,8.58,3.01,5.57
2019-08-16,11.61,8.61,3.02,5.59
2019-08-19,11.82,8.46,3.02,5.44
2019-08-20,11.8,8.47,3.03,5.44
2019-08-21,11.77,8.5,3.06,5.44
2019-08-22,11.79,8.48,3.05,5.43
2019-08-23,11.82,8.46,3.06,5.4
2019-08-26,11.64,8.59,3.05,5.54
2019-08-27,11.83,8.45,3.05,5.4
2019-08-28,11.77,8.5,3.05,5.44
2019-08-29,11.7,8.55,3.03,5.51
2019-08-30,11.7,8.55,3.06,5.49
2019-09-02,11.77,8.5,3.07,5.42
2019-09-03,11.79,8.48,3.06,5.42
2019-09-04,11.9,8.4,3.05,5.36
2019-09-05,12.02,8.32,3.02,5.3
2019-09-06,12.08,8.28,3.02,5.26
2019-09-09,12.14,8.24,3.02,5.21
2019-09-10,12.1,8.26,3.04,5.22
2019-09-11,12.06,8.29,3.05,5.24
2019-09-12,12.16,8.22,3.09,5.14
2019-09-16,12.13,8.24,3.09,5.15
2019-09-17,11.95,8.37,3.11,5.26
2019-09-18,11.98,8.35,3.13,5.22
2019-09-19,12.02,8.32,3.11,5.21
2019-09-20,12.05,8.3,3.1,5.2
2019-09-23,11.92,8.39,3.1,5.29
2019-09-24,11.95,8.37,3.12,5.25
2019-09-25,11.86,8.43,3.12,5.32
2019-09-26,11.8,8.47,3.14,5.34
2019-09-27,11.82,8.46,3.15,5.31
2019-09-30,11.72,8.53,3.14,5.39
2019-10-08,11.78,8.49,3.11,5.38
2019-10-09,11.81,8.47,3.11,5.36
2019-10-10,11.89,8.41,3.13,5.28
2019-10-11,12.01,8.33,3.16,5.17
2019-10-14,12.14,8.24,3.16,5.07
2019-10-15,12.1,8.26,3.17,5.1
2019-10-16,12.05,8.3,3.17,5.13
2019-10-17,12.06,8.29,3.16,5.13
2019-10-18,11.9,8.4,3.19,5.22
2019-10-21,11.96,8.36,3.22,5.14
2019-10-22,11.99,8.34,3.22,5.12
2019-10-23,11.92,8.39,3.21,5.18
2019-10-24,11.93,8.38,3.22,5.16
2019-10-25,11.94,8.38,3.24,5.14
2019-10-28,11.97,8.35,3.29,5.06
2019-10-29,11.88,8.42,3.3,5.11
2019-10-30,11.77,8.5,3.31,5.18
2019-10-31,11.67,8.57,3.29,5.28
2019-11-01,11.81,8.47,3.28,5.19
2019-11-04,11.89,8.41,3.3,5.12
2019-11-05,11.96,8.36,3.25,5.12
2019-11-06,11.93,8.38,3.26,5.13
2019-11-07,11.93,8.38,3.27,5.11
2019-11-08,11.86,8.43,3.28,5.16
2019-11-11,11.66,8.58,3.25,5.33
2019-11-12,11.68,8.56,3.25,5.31
2019-11-13,11.64,8.59,3.24,5.35
2019-11-14,11.64,8.59,3.26,5.34
2019-11-15,11.58,8.64,3.24,5.4
2019-11-18,11.66,8.58,3.2,5.38
2019-11-19,11.74,8.52,3.17,5.34
2019-11-20,11.64,8.59,3.17,5.42
2019-11-21,11.6,8.62,3.17,5.45
2019-11-22,11.51,8.69,3.17,5.51
2019-11-25,11.61,8.61,3.19,5.43
2019-11-26,11.64,8.59,3.17,5.42
2019-11-27,11.6,8.62,3.17,5.45
2019-11-28,11.55,8.66,3.17,5.49
2019-11-29,11.46,8.73,3.17,5.56
2019-12-02,11.48,8.71,3.21,5.5
2019-12-03,11.51,8.69,3.17,5.51
2019-12-04,11.49,8.7,3.18,5.53
2019-12-05,11.57,8.64,3.18,5.47
2019-12-06,11.62,8.61,3.18,5.43
2019-12-09,11.6,8.62,3.19,5.43
2019-12-10,11.6,8.62,3.18,5.44
2019-12-11,11.63,8.6,3.17,5.43
2019-12-12,11.6,8.62,3.17,5.46
2019-12-13,11.83,8.45,3.18,5.27
2019-12-16,12.01,8.33,3.19,5.14
2019-12-17,12.17,8.22,3.21,5.0
2019-12-18,12.15,8.23,3.21,5.02
2019-12-19,12.14,8.24,3.21,5.02
2019-12-20,12.12,8.25,3.18,5.07
2019-12-23,11.96,8.36,3.17,5.2
2019-12-24,12.02,8.32,3.15,5.17
2019-12-25,12.01,8.33,3.15,5.18
2019-12-26,12.11,8.26,3.11,5.14
2019-12-27,12.11,8.26,3.13,5.13
2019-12-30,12.26,8.16,3.13,5.02
2019-12-31,12.3,8.13,3.14,4.99
2020-01-02,12.45,8.03,3.15,4.88
2020-01-03,12.44,8.04,3.14,4.9
2020-01-06,12.4,8.06,3.14,4.93
2020-01-07,12.47,8.02,3.14,4.88
2020-01-08,12.32,8.12,3.13,4.98
2020-01-09,12.42,8.05,3.12,4.93
2020-01-10,12.43,8.05,3.08,4.96
2020-01-13,12.53,7.98,3.08,4.9
2020-01-14,12.49,8.01,3.1,4.91
2020-01-15,12.42,8.05,3.09,4.96
2020-01-16,12.34,8.1,3.09,5.01
2020-01-17,12.35,8.1,3.08,5.01
2020-01-20,12.42,8.05,3.08,4.97
2020-01-21,12.23,8.18,3.03,5.14
2020-01-22,12.28,8.14,3.03,5.12
2020-01-23,11.96,8.36,2.99,5.37
2020-02-03,11.04,9.06,2.82,6.23
2020-02-04,11.29,8.86,2.86,6.0
2020-02-05,11.4,8.77,2.84,5.93
2020-02-06,11.58,8.64,2.84,5.8
2020-02-07,11.57,8.64,2.8,5.84
2020-02-10,11.61,8.61,2.79,5.83
2020-02-11,11.71,8.54,2.83,5.71
2020-02-12,11.78,8.49,2.83,5.66
2020-02-13,11.71,8.54,2.82,5.72
2020-02-14,11.78,8.49,2.86,5.63
2020-02-17,12.03,8.31,2.89,5.42
2020-02-18,11.96,8.36,2.87,5.49
2020-02-19,11.96,8.36,2.88,5.48
2020-02-20,12.19,8.2,2.89,5.32
2020-02-21,12.24,8.17,2.85,5.32
2020-02-24,12.17,8.22,2.81,5.4
2020-02-25,12.08,8.28,2.82,5.46
2020-02-26,11.98,8.35,2.8,5.55
2020-02-27,11.98,8.35,2.77,5.58
2020-02-28,11.57,8.64,2.74,5.91
2020-03-02,11.88,8.42,2.74,5.67
2020-03-03,11.94,8.38,2.75,5.63
2020-03-04,12.0,8.33,2.67,5.66
2020-03-05,12.25,8.16,2.68,5.48
2020-03-06,12.07,8.29,2.63,5.66
2020-03-09,11.7,8.55,2.52,6.03
2020-03-10,11.91,8.4,2.61,5.78
2020-03-11,11.78,8.49,2.61,5.88
2020-03-12,11.59,8.63,2.64,5.99
2020-03-13,11.44,8.74,2.68,6.07
2020-03-16,11.07,9.03,2.68,6.36
2020-03-17,11.02,9.07,2.71,6.36
2020-03-18,10.82,9.24,2.71,6.53
2020-03-19,10.66,9.38,2.73,6.65
2020-03-20,10.84,9.23,2.68,6.54
2020-03-23,10.5,9.52,2.63,6.89
2020-03-24,10.78,9.28,2.63,6.65
2020-03-25,11.04,9.06,2.63,6.43
2020-03-26,10.94,9.14,2.59,6.55
2020-03-27,10.96,9.12,2.61,6.52
2020-03-30,10.88,9.19,2.61,6.58
2020-03-31,10.85,9.22,2.59,6.63
2020-04-01,10.81,9.25,2.56,6.7
2020-04-02,10.98,9.11,2.59,6.52
2020-04-03,10.92,9.16,2.6,6.56
2020-04-07,11.13,8.98,2.51,6.47
2020-04-08,11.07,9.03,2.48,6.55
2020-04-09,11.1,9.01,2.52,6.49
2020-04-10,11.03,9.07,2.54,6.53
2020-04-13,10.99,9.1,2.57,6.53
2020-04-14,11.17,8.95,2.56,6.39
2020-04-15,11.1,9.01,2.55,6.46
2020-04-16,11.11,9.0,2.53,6.47
2020-04-17,11.2,8.93,2.56,6.37
2020-04-20,11.25,8.89,2.59,6.3
2020-04-21,11.13,8.98,2.58,6.41
2020-04-22,11.2,8.93,2.56,6.37
2020-04-23,11.16,8.96,2.52,6.44
2020-04-24,11.15,8.97,2.51,6.46
2020-04-27,11.24,8.9,2.53,6.36
2020-04-28,11.28,8.87,2.53,6.34
2020-04-29,11.4,8.77,2.5,6.27
2020-04-30,11.77,8.5,2.54,5.96
2020-05-06,11.8,8.47,2.58,5.89
2020-05-07,11.76,8.5,2.63,5.87
2020-05-08,11.86,8.43,2.62,5.81
2020-05-11,11.87,8.42,2.67,5.75
2020-05-12,11.85,8.44,2.66,5.78
2020-05-13,11.87,8.42,2.71,5.72
2020-05-14,11.75,8.51,2.7,5.81
2020-05-15,11.72,8.53,2.68,5.85
2020-05-18,11.75,8.51,2.73,5.79
2020-05-19,11.84,8.45,2.73,5.72
2020-05-20,11.79,8.48,2.69,5.79
2020-05-21,11.73,8.53,2.69,5.84
2020-05-22,11.49,8.7,2.62,6.09
2020-05-25,11.5,8.7,2.69,6.01
2020-05-26,11.6,8.62,2.74,5.88
2020-05-27,11.55,8.66,2.75,5.91
2020-05-28,11.59,8.63,2.72,5.91
2020-05-29,11.6,8.62,2.71,5.92
2020-06-01,11.86,8.43,2.73,5.71
2020-06-02,11.91,8.4,2.79,5.61
2020-06-03,11.92,8.39,2.79,5.6
2020-06-04,11.89,8.41,2.83,5.58
2020-06-05,11.95,8.37,2.85,5.52
2020-06-08,12.0,8.33,2.81,5.52
2020-06-09,12.08,8.28,2.8,5.48
2020-06-10,12.04,8.31,2.82,5.49
2020-06-11,11.92,8.39,2.77,5.62
2020-06-12,11.93,8.38,2.75,5.64
2020-06-15,11.92,8.39,2.79,5.6
2020-06-16,12.07,8.29,2.84,5.44
2020-06-17,12.07,8.29,2.88,5.4
2020-06-18,12.13,8.24,2.85,5.39
2020-06-19,12.27,8.15,2.88,5.27
2020-06-22,12.27,8.15,2.92,5.23
2020-06-23,12.3,8.13,2.91,5.22
2020-06-24,12.37,8.08,2.86,5.22
2020-06-29,12.29,8.14,2.85,5.29
2020-06-30,12.38,8.08,2.82,5.25
2020-07-01,12.61,7.93,2.85,5.08
2020-07-02,12.9,7.75,2.86,4.89
2020-07-03,13.19,7.58,2.9,4.68
2020-07-06,14.0,7.14,3.0,4.15
2020-07-07,14.05,7.12,3.02,4.1
2020-07-08,14.25,7.02,3.06,3.95
2020-07-09,14.41,6.94,3.08,3.86
2020-07-10,14.05,7.12,3.03,4.09
2020-07-13,14.28,7.0,3.06,3.95
2020-07-14,14.15,7.07,3.01,4.06
2020-07-15,13.94,7.17,2.96,4.22
2020-07-16,13.34,7.5,2.95,4.55
2020-07-17,13.39,7.47,2.95,4.52
2020-07-20,13.76,7.27,2.93,4.34
2020-07-21,13.78,7.26,2.9,4.36
2020-07-22,13.82,7.24,2.89,4.35
2020-07-23,13.78,7.26,2.91,4.35
2020-07-24,13.23,7.56,2.86,4.7
2020-07-27,13.29,7.52,2.88,4.65
2020-07-28,13.38,7.47,2.92,4.55
2020-07-29,13.67,7.32,2.94,4.37
2020-07-30,13.58,7.36,2.94,4.43
2020-07-31,13.67,7.32,2.97,4.35
2020-08-03,13.87,7.21,2.95,4.26
2020-08-04,13.92,7.18,2.94,4.25
2020-08-05,13.9,7.19,2.96,4.24
2020-08-06,13.89,7.2,2.98,4.22
2020-08-07,13.75,7.27,2.99,4.28
2020-08-10,13.84,7.23,2.95,4.27
2020-08-11,13.73,7.28,2.95,4.33
2020-08-12,13.64,7.33,2.96,4.37
2020-08-13,13.6,7.35,2.96,4.4
2020-08-14,13.81,7.24,2.94,4.3
2020-08-17,14.15,7.07,2.94,4.13
2020-08-18,14.14,7.07,2.98,4.1
2020-08-19,13.94,7.17,2.99,4.18
2020-08-20,13.76,7.27,3.0,4.27
2020-08-21,13.84,7.23,2.98,4.24
2020-08-24,13.92,7.18,3.0,4.18
2020-08-25,13.92,7.18,3.04,4.14
2020-08-26,13.79,7.25,3.05,4.2
2020-08-27,13.84,7.23,3.06,4.17
2020-08-28,13.96,7.16,3.07,4.1
2020-08-31,14.45,6.92,3.02,3.9
2020-09-01,14.52,6.89,3.05,3.84
2020-09-02,14.51,6.89,3.1,3.79
2020-09-03,14.43,6.93,3.11,3.82
2020-09-04,14.3,6.99,3.12,3.87
2020-09-07,14.03,7.13,3.15,3.98
2020-09-08,14.14,7.07,3.12,3.95
2020-09-09,13.86,7.22,3.08,4.13
2020-09-10,13.86,7.22,3.08,4.13
2020-09-11,13.97,7.16,3.13,4.02
2020-09-14,14.02,7.13,3.15,3.98
2020-09-15,14.11,7.09,3.11,3.98
2020-09-16,14.04,7.12,3.13,4.0
2020-09-17,13.97,7.16,3.13,4.02
2020-09-18,14.29,7.0,3.12,3.88
2020-09-21,14.15,7.07,3.1,3.97
2020-09-22,14.0,7.14,3.09,4.06
2020-09-23,14.03,7.13,3.09,4.04
2020-09-24,13.8,7.25,3.08,4.16
2020-09-25,13.82,7.24,3.13,4.11
2020-09-28,13.87,7.21,3.11,4.1
2020-09-29,13.89,7.2,3.13,4.07
2020-09-30,13.87,7.21,3.15,4.06
2020-10-09,14.1,7.09,3.19,3.9
2020-10-12,14.5,6.9,3.19,3.71
2020-10-13,14.52,6.89,3.19,3.69
2020-10-14,14.44,6.93,3.21,3.71
2020-10-15,14.44,6.93,3.23,3.7
2020-10-16,14.46,6.92,3.22,3.7
2020-10-19,14.4,6.94,3.2,3.74
2020-10-20,14.41,6.94,3.2,3.74
2020-10-21,14.44,6.93,3.19,3.74
2020-10-22,14.4,6.94,3.17,3.77
2020-10-23,14.23,7.03,3.2,3.83
2020-10-26,14.13,7.08,3.19,3.88
2020-10-27,14.13,7.08,3.16,3.92
2020-10-28,14.16,7.06,3.18,3.88
2020-10-29,14.03,7.13,3.19,3.94
2020-10-30,13.92,7.18,3.18,4.0
2020-11-02,13.96,7.16,3.18,3.98
2020-11-03,14.13,7.08,3.18,3.9
2020-11-04,14.2,7.04,3.17,3.87
2020-11-05,14.38,6.95,3.19,3.76
2020-11-06,14.38,6.95,3.21,3.75
2020-11-09,14.63,6.84,3.24,3.6
2020-11-10,14.58,6.86,3.22,3.63
2020-11-11,14.48,6.91,3.24,3.67
2020-11-12,14.46,6.92,3.26,3.65
2020-11-13,14.3,6.99,3.27,3.72
2020-11-16,14.44,6.93,3.27,3.65
2020-11-17,14.42,6.93,3.29,3.65
2020-11-18,14.44,6.93,3.32,3.6
2020-11-19,14.53,6.88,3.35,3.53
2020-11-20,14.56,6.87,3.31,3.56
2020-11-23,14.75,6.78,3.27,3.51
2020-11-24,14.66,6.82,3.29,3.53
2020-11-25,14.51,6.89,3.27,3.62
2020-11-26,14.55,6.87,3.29,3.59
2020-11-27,14.78,6.77,3.3,3.47
2020-11-30,14.71,6.8,3.25,3.55
2020-12-01,15.0,6.67,3.27,3.39
2020-12-02,14.98,6.68,3.29,3.38
2020-12-03,14.95,6.69,3.29,3.4
2020-12-04,14.95,6.69,3.27,3.42
2020-12-07,14.8,6.76,3.27,3.49
2020-12-08,14.74,6.78,3.26,3.53
2020-12-09,14.58,6.86,3.27,3.59
2020-12-10,14.56,6.87,3.26,3.61
2020-12-11,14.45,6.92,3.3,3.63
2020-12-14,15.01,6.66,3.29,3.38
2020-12-15,15.01,6.66,3.28,3.38
2020-12-16,15.03,6.65,3.28,3.38
2020-12-17,15.2,6.58,3.28,3.3
2020-12-18,15.15,6.6,3.29,3.31
2020-12-21,15.27,6.55,3.27,3.28
2020-12-22,15.01,6.66,3.23,3.43
2020-12-23,15.14,6.61,3.22,3.39
2020-12-24,15.12,6.61,3.23,3.38
2020-12-25,15.23,6.57,3.19,3.38
2020-12-28,15.29,6.54,3.16,3.38
2020-12-29,15.22,6.57,3.16,3.41
2020-12-30,15.39,6.5,3.12,3.38
2020-12-31,15.66,6.39,3.14,3.24
2021-01-04,15.79,6.33,3.18,3.16
2021-01-05,16.03,6.24,3.13,3.11
2021-01-06,16.19,6.18,3.13,3.05
2021-01-07,16.45,6.08,3.13,2.95
2021-01-08,16.42,6.09,3.15,2.94
2021-01-11,16.26,6.15,3.16,2.99
2021-01-12,16.68,6.0,3.15,2.85
2021-01-13,16.66,6.0,3.12,2.89
2021-01-14,16.41,6.09,3.11,2.99
2021-01-15,16.34,6.12,3.15,2.97
2021-01-18,16.46,6.08,3.17,2.91
2021-01-19,16.28,6.14,3.16,2.98
2021-01-20,16.35,6.12,3.16,2.96
2021-01-21,16.58,6.03,3.13,2.9
2021-01-22,16.52,6.05,3.12,2.93
2021-01-25,16.65,6.01,3.13,2.87
2021-01-26,16.37,6.11,3.16,2.95
2021-01-27,16.41,6.09,3.16,2.93
2021-01-28,16.0,6.25,3.2,3.05
2021-01-29,15.95,6.27,3.18,3.09
2021-02-01,16.1,6.21,3.17,3.04
2021-02-02,16.29,6.14,3.19,2.95
2021-02-03,16.22,6.17,3.21,2.95
2021-02-04,16.09,6.22,3.23,2.98
2021-02-05,16.15,6.19,3.22,2.98
2021-02-08,16.33,6.12,3.24,2.89
2021-02-09,16.64,6.01,3.23,2.78
2021-02-10,16.99,5.89,3.24,2.64
2021-02-18,16.92,5.91,3.28,2.63
2021-02-19,16.95,5.9,3.26,2.64
2021-02-22,16.59,6.03,3.27,2.75
2021-02-23,16.54,6.05,3.26,2.78
2021-02-24,16.13,6.2,3.26,2.94
2021-02-25,16.26,6.15,3.27,2.88
2021-02-26,15.87,6.3,3.28,3.02
2021-03-01,16.0,6.25,3.25,3.0
2021-03-02,15.78,6.34,3.25,3.09
2021-03-03,16.12,6.2,3.26,2.95
2021-03-04,15.69,6.37,3.27,3.11
2021-03-05,15.69,6.37,3.25,3.13
2021-03-08,15.22,6.57,3.24,3.33
2021-03-09,14.93,6.7,3.25,3.45
2021-03-10,14.97,6.68,3.24,3.44
2021-03-11,15.31,6.53,3.25,3.28
2021-03-12,15.35,6.51,3.26,3.25
2021-03-15,15.11,6.62,3.27,3.34
2021-03-16,15.23,6.57,3.26,3.3
2021-03-17,15.25,6.56,3.26,3.3
2021-03-18,15.34,6.52,3.26,3.26
2021-03-19,14.95,6.69,3.24,3.45
2021-03-22,15.09,6.63,3.23,3.4
2021-03-23,14.96,6.68,3.21,3.47
2021-03-24,14.76,6.78,3.19,3.58
2021-03-25,14.71,6.8,3.19,3.61
2021-03-26,14.98,6.68,3.2,3.48
2021-03-29,14.78,6.77,3.2,3.57
2021-03-30,14.87,6.72,3.21,3.52
2021-03-31,14.61,6.84,3.19,3.66
2021-04-01,14.74,6.78,3.2,3.59
2021-04-02,14.85,6.73,3.2,3.53
2021-04-06,14.81,6.75,3.21,3.54
2021-04-07,14.73,6.79,3.22,3.57
2021-04-08,14.75,6.78,3.22,3.56
2021-04-09,14.56,6.87,3.21,3.66
2021-04-12,14.35,6.97,3.19,3.77
2021-04-13,14.32,6.98,3.16,3.82
2021-04-14,14.42,6.93,3.17,3.77
2021-04-15,14.29,7.0,3.17,3.83
2021-04-16,14.34,6.97,3.16,3.81
2021-04-19,14.6,6.85,3.16,3.69
2021-04-20,14.57,6.86,3.16,3.71
2021-04-21,14.58,6.86,3.15,3.71
2021-04-22,14.5,6.9,3.16,3.74
2021-04-23,14.56,6.87,3.17,3.7
2021-04-26,14.36,6.96,3.2,3.76
2021-04-27,14.31,6.99,3.21,3.78
2021-04-28,14.35,6.97,3.2,3.77
2021-04-29,14.14,7.07,3.19,3.88
2021-04-30,13.52,7.4,3.16,4.23
2021-05-06,13.41,7.46,3.15,4.31
2021-05-07,13.29,7.52,3.16,4.37
2021-05-10,13.31,7.51,3.15,4.37
2021-05-11,13.38,7.47,3.14,4.34
2021-05-12,13.45,7.43,3.13,4.3
2021-05-13,13.32,7.51,3.14,4.37
2021-05-14,13.6,7.35,3.14,4.21
2021-05-17,13.77,7.26,3.15,4.11
2021-05-18,13.78,7.26,3.15,4.11
2021-05-19,13.73,7.28,3.13,4.15
2021-05-20,13.76,7.27,3.1,4.17
2021-05-21,13.63,7.34,3.09,4.25
2021-05-24,13.68,7.31,3.08,4.22
2021-05-25,14.07,7.11,3.08,4.02
2021-05-26,14.09,7.1,3.06,4.04
2021-05-27,14.12,7.08,3.07,4.01
2021-05-28,14.1,7.09,3.08,4.01
2021-05-31,14.09,7.1,3.04,4.05
2021-06-01,14.12,7.08,3.04,4.04
2021-06-02,14.01,7.14,3.06,4.07
2021-06-03,13.93,7.18,3.06,4.12
2021-06-04,13.99,7.15,3.09,4.06
2021-06-07,13.99,7.15,3.11,4.04
2021-06-08,13.9,7.19,3.11,4.08
2021-06-09,13.92,7.18,3.11,4.08
2021-06-10,13.99,7.15,3.1,4.05
2021-06-11,13.89,7.2,3.13,4.07
2021-06-15,14.23,7.03,3.12,3.91
2021-06-16,14.04,7.12,3.13,3.99
2021-06-17,14.05,7.12,3.14,3.98
2021-06-18,14.04,7.12,3.12,4.0
2021-06-21,14.01,7.14,3.1,4.04
2021-06-22,14.1,7.09,3.09,4.0
2021-06-23,14.15,7.07,3.09,3.98
2021-06-24,14.18,7.05,3.08,3.97
2021-06-25,14.39,6.95,3.08,3.87
2021-06-28,14.4,6.94,3.09,3.85
2021-06-29,14.24,7.02,3.09,3.94
2021-06-30,14.32,6.98,3.08,3.91
2021-07-01,14.33,6.98,3.09,3.89
2021-07-02,13.98,7.15,3.08,4.07
2021-07-05,14.01,7.14,3.08,4.06
2021-07-06,14.0,7.14,3.09,4.06
2021-07-07,14.11,7.09,3.06,4.03
2021-07-08,13.95,7.17,2.98,4.19
2021-07-09,13.89,7.2,3.01,4.19
2021-07-12,14.01,7.14,2.94,4.19
2021-07-13,14.03,7.13,2.93,4.2
2021-07-14,13.87,7.21,2.94,4.27
2021-07-15,14.01,7.14,2.96,4.18
2021-07-16,13.87,7.21,2.94,4.27
2021-07-19,13.89,7.2,2.95,4.25
2021-07-20,13.87,7.21,2.93,4.28
2021-07-21,13.95,7.17,2.92,4.25
2021-07-22,13.99,7.15,2.93,4.22
2021-07-23,13.87,7.21,2.91,4.3
2021-07-26,13.45,7.43,2.87,4.56
2021-07-27,13.03,7.67,2.91,4.76
2021-07-28,13.06,7.66,2.93,4.73
2021-07-29,13.23,7.56,2.88,4.67
2021-07-30,13.12,7.62,2.84,4.79
2021-08-02,13.42,7.45,2.82,4.63
2021-08-03,13.39,7.47,2.83,4.63
2021-08-04,13.49,7.41,2.83,4.58
2021-08-05,13.41,7.46,2.8,4.66
2021-08-06,13.35,7.49,2.81,4.68
2021-08-09,13.51,7.4,2.86,4.54
2021-08-10,13.64,7.33,2.88,4.45
2021-08-11,13.6,7.35,2.88,4.47
2021-08-12,13.52,7.4,2.86,4.54
2021-08-13,13.45,7.43,2.88,4.56
2021-08-16,13.41,7.46,2.89,4.56
2021-08-17,13.15,7.6,2.88,4.72
2021-08-18,13.31,7.51,2.85,4.66
2021-08-19,13.22,7.56,2.84,4.72
2021-08-20,13.0,7.69,2.85,4.84
2021-08-23,13.14,7.61,2.87,4.74
2021-08-24,13.25,7.55,2.85,4.69
2021-08-25,13.26,7.54,2.85,4.69
2021-08-26,13.03,7.67,2.88,4.79
2021-08-27,12.96,7.72,2.87,4.85
2021-08-30,12.6,7.94,2.85,5.09
2021-08-31,12.41,8.06,2.85,5.21
2021-09-01,12.59,7.94,2.82,5.12
2021-09-02,12.6,7.94,2.83,5.11
2021-09-03,12.55,7.97,2.83,5.14
2021-09-06,12.75,7.84,2.84,5.01
2021-09-07,12.9,7.75,2.86,4.89
2021-09-08,12.87,7.77,2.87,4.9
2021-09-09,12.9,7.75,2.87,4.88
2021-09-10,12.98,7.7,2.87,4.84
2021-09-13,12.98,7.7,2.89,4.81
2021-09-14,12.79,7.82,2.89,4.93
2021-09-15,12.68,7.89,2.9,4.99
2021-09-16,12.54,7.97,2.89,5.09
2021-09-17,12.62,7.92,2.88,5.05
2021-09-22,12.56,7.96,2.86,5.1
2021-09-23,12.62,7.92,2.86,5.07
2021-09-24,12.58,7.95,2.87,5.08
2021-09-27,12.64,7.91,2.88,5.03
2021-09-28,12.69,7.88,2.88,5.0
2021-09-29,12.55,7.97,2.86,5.1
2021-09-30,12.61,7.93,2.88,5.05
2021-10-08,12.77,7.83,2.91,4.92
2021-10-11,12.8,7.81,2.96,4.85
2021-10-12,12.67,7.89,2.97,4.93
2021-10-13,12.76,7.84,2.96,4.88
2021-10-14,12.7,7.87,2.96,4.92
2021-10-15,12.76,7.84,2.97,4.87
2021-10-18,12.64,7.91,3.04,4.87
2021-10-19,12.77,7.83,3.01,4.82
2021-10-20,12.73,7.86,3.0,4.86
2021-10-21,12.78,7.82,2.97,4.85
2021-10-22,12.82,7.8,3.0,4.81
2021-10-25,12.86,7.78,2.99,4.79
2021-10-26,12.8,7.81,2.98,4.83
2021-10-27,12.62,7.92,2.98,4.95
2021-10-28,12.5,8.0,2.97,5.03
2021-10-29,12.67,7.89,2.97,4.92
2021-11-01,12.43,8.05,2.94,5.1
2021-11-02,12.3,8.13,2.93,5.2
2021-11-03,12.24,8.17,2.94,5.23
2021-11-04,12.35,8.1,2.93,5.17
2021-11-05,12.27,8.15,2.89,5.26
2021-11-08,12.28,8.14,2.9,5.24
2021-11-09,12.28,8.14,2.9,5.24
2021-11-10,12.21,8.19,2.91,5.28
2021-11-11,12.39,8.07,2.94,5.13
2021-11-12,12.35,8.1,2.94,5.16
2021-11-15,12.33,8.11,2.93,5.18
2021-11-16,12.34,8.1,2.92,5.18
2021-11-17,12.35,8.1,2.93,5.17
2021-11-18,12.25,8.16,2.91,5.25
2021-11-19,12.38,8.08,2.93,5.15
2021-11-22,12.43,8.05,2.89,5.16
2021-11-23,12.44,8.04,2.89,5.15
2021-11-24,12.46,8.03,2.86,5.17
2021-11-25,12.4,8.06,2.85,5.21
2021-11-26,12.31,8.12,2.82,5.3
2021-11-29,12.28,8.14,2.83,5.32
2021-11-30,12.25,8.16,2.83,5.34
2021-12-01,12.3,8.13,2.84,5.29
2021-12-02,12.34,8.1,2.86,5.24
2021-12-03,12.44,8.04,2.87,5.17
2021-12-06,12.43,8.05,2.82,5.23
2021-12-07,12.49,8.01,2.85,5.16
2021-12-08,12.65,7.91,2.86,5.05
2021-12-09,12.84,7.79,2.85,4.94
2021-12-10,12.78,7.82,2.84,4.98
2021-12-13,13.72,7.29,2.86,4.43
2021-12-14,13.62,7.34,2.85,4.49
2021-12-15,13.52,7.4,2.85,4.55
2021-12-16,13.6,7.35,2.86,4.5
2021-12-17,13.42,7.45,2.85,4.6
2021-12-20,13.25,7.55,2.85,4.69
2021-12-21,13.35,7.49,2.85,4.64
2021-12-22,13.34,7.5,2.83,4.67
2021-12-23,13.43,7.45,2.81,4.63
2021-12-24,13.36,7.49,2.82,4.66
2021-12-27,13.35,7.49,2.81,4.68
2021-12-28,13.43,7.45,2.8,4.65
2021-12-29,13.25,7.55,2.79,4.76
2021-12-30,13.33,7.5,2.77,4.74
2021-12-31,13.37,7.48,2.78,4.7
2022-01-04,13.33,7.5,2.79,4.72
2022-01-05,13.23,7.56,2.8,4.75
2022-01-06,13.12,7.62,2.82,4.8
2022-01-07,13.16,7.6,2.82,4.78
2022-01-10,13.21,7.57,2.81,4.76
2022-01-11,13.09,7.64,2.8,4.84
2022-01-12,13.19,7.58,2.8,4.79
2022-01-13,13.02,7.68,2.79,4.89
2022-01-14,12.88,7.76,2.79,4.97
2022-01-17,12.94,7.73,2.79,4.94
2022-01-18,13.08,7.65,2.74,4.9
2022-01-19,13.0,7.69,2.73,4.96
2022-01-20,13.11,7.63,2.73,4.9
2022-01-21,12.99,7.7,2.71,4.99
2022-01-24,13.0,7.69,2.68,5.02
2022-01-25,12.72,7.86,2.7,5.16
2022-01-26,12.82,7.8,2.71,5.09
2022-01-27,12.6,7.94,2.73,5.2
2022-01-28,12.44,8.04,2.7,5.34
2022-02-07,12.69,7.88,2.73,5.15
2022-02-08,12.69,7.88,2.72,5.16
2022-02-09,12.79,7.82,2.73,5.09
2022-02-10,12.77,7.83,2.73,5.1
2022-02-11,12.72,7.86,2.79,5.07
2022-02-14,12.56,7.96,2.8,5.16
2022-02-15,12.65,7.91,2.8,5.11
2022-02-16,12.7,7.87,2.79,5.08
2022-02-17,12.71,7.87,2.78,5.09
2022-02-18,12.78,7.82,2.8,5.03
2022-02-21,12.73,7.86,2.83,5.03
2022-02-22,12.59,7.94,2.82,5.12
2022-02-23,12.68,7.89,2.79,5.1
2022-02-24,12.45,8.03,2.79,5.24
2022-02-25,12.53,7.98,2.77,5.21
2022-02-28,12.57,7.96,2.77,5.18
2022-03-01,12.66,7.9,2.8,5.1
2022-03-02,12.58,7.95,2.82,5.13
2022-03-03,12.54,7.97,2.83,5.14
2022-03-04,12.4,8.06,2.81,5.25
2022-03-07,12.06,8.29,2.81,5.48
2022-03-08,11.83,8.45,2.83,5.63
2022-03-09,11.71,8.54,2.84,5.7
2022-03-10,11.84,8.45,2.85,5.6
2022-03-11,11.83,8.45,2.79,5.66
2022-03-14,11.5,8.7,2.77,5.93
2022-03-15,10.98,9.11,2.82,6.29
2022-03-16,11.38,8.79,2.8,5.99
2022-03-17,11.56,8.65,2.79,5.86
2022-03-18,11.72,8.53,2.79,5.74
2022-03-21,11.69,8.55,2.81,5.74
2022-03-22,11.71,8.54,2.83,5.71
2022-03-23,11.76,8.5,2.83,5.67
2022-03-24,11.7,8.55,2.81,5.74
2022-03-25,11.54,8.67,2.8,5.87
2022-03-28,11.52,8.68,2.79,5.89
2022-03-29,11.5,8.7,2.79,5.91
2022-03-30,11.73,8.53,2.77,5.75
2022-03-31,11.72,8.53,2.79,5.74
2022-04-01,11.83,8.45,2.77,5.68
2022-04-06,11.82,8.46,2.76,5.7
2022-04-07,11.68,8.56,2.74,5.82
2022-04-08,11.76,8.5,2.75,5.75
2022-04-11,11.45,8.73,2.77,5.97
2022-04-12,11.63,8.6,2.77,5.83
2022-04-13,11.55,8.66,2.76,5.89
2022-04-14,11.68,8.56,2.77,5.8
2022-04-15,11.66,8.58,2.76,5.82
2022-04-18,11.56,8.65,2.81,5.84
2022-04-19,11.51,8.69,2.82,5.87
2022-04-20,11.36,8.8,2.83,5.97
2022-04-21,11.18,8.94,2.83,6.12
2022-04-22,11.24,8.9,2.84,6.06
2022-04-25,10.76,9.29,2.82,6.48
2022-04-26,10.67,9.37,2.83,6.55
2022-04-27,10.87,9.2,2.84,6.36
2022-04-28,10.92,9.16,2.85,6.31
2022-04-29,11.21,8.92,2.84,6.08
2022-05-05,11.11,9.0,2.83,6.17
2022-05-06,10.85,9.22,2.83,6.39
2022-05-09,10.79,9.27,2.82,6.45
2022-05-10,10.87,9.2,2.81,6.39
2022-05-11,10.99,9.1,2.82,6.28
2022-05-12,10.96,9.12,2.81,6.32
2022-05-13,11.05,9.05,2.81,6.24
2022-05-16,10.97,9.12,2.82,6.29
2022-05-17,11.09,9.02,2.82,6.2
2022-05-18,11.05,9.05,2.78,6.27
2022-05-19,11.07,9.03,2.78,6.26
2022-05-20,11.26,8.88,2.79,6.09
2022-05-23,11.2,8.93,2.77,6.16
2022-05-24,10.99,9.1,2.77,6.33
2022-05-25,11.06,9.04,2.76,6.28
2022-05-26,11.09,9.02,2.71,6.31
2022-05-27,11.12,8.99,2.7,6.3
2022-05-30,11.18,8.94,2.72,6.22
2022-05-31,11.32,8.83,2.74,6.09
2022-06-01,11.3,8.85,2.76,6.09
2022-06-02,11.31,8.84,2.76,6.08
2022-06-06,11.47,8.72,2.78,5.94
2022-06-07,11.5,8.7,2.76,5.94
2022-06-08,11.61,8.61,2.77,5.85
2022-06-09,11.53,8.67,2.76,5.92
2022-06-10,11.7,8.55,2.75,5.79
2022-06-13,11.7,8.55,2.77,5.78
2022-06-14,11.82,8.46,2.77,5.69
2022-06-15,11.95,8.37,2.78,5.59
2022-06-16,11.84,8.45,2.77,5.67
2022-06-17,11.97,8.35,2.78,5.58
2022-06-20,11.97,8.35,2.79,5.57
2022-06-21,11.98,8.35,2.79,5.56
2022-06-22,11.83,8.45,2.78,5.68
2022-06-23,12.02,8.32,2.78,5.54
2022-06-24,12.12,8.25,2.8,5.45
2022-06-27,12.23,8.18,2.83,5.34
2022-06-28,12.32,8.12,2.84,5.28
2022-06-29,12.18,8.21,2.83,5.38
2022-06-30,12.31,8.12,2.82,5.3
2022-07-01,12.26,8.16,2.83,5.33
2022-07-04,12.33,8.11,2.84,5.27
2022-07-05,12.31,8.12,2.83,5.29
2022-07-06,12.15,8.23,2.84,5.39
2022-07-07,12.18,8.21,2.84,5.37
2022-07-08,12.13,8.24,2.84,5.41
2022-07-11,11.95,8.37,2.83,5.54
2022-07-12,11.84,8.45,2.81,5.63
2022-07-13,11.84,8.45,2.81,5.64
2022-07-14,11.81,8.47,2.79,5.68
2022-07-15,11.61,8.61,2.79,5.83
2022-07-18,11.74,8.52,2.78,5.73
2022-07-19,11.7,8.55,2.79,5.76
2022-07-20,11.75,8.51,2.77,5.74
2022-07-21,11.62,8.61,2.76,5.84
2022-07-22,11.63,8.6,2.79,5.81
2022-07-25,11.58,8.64,2.78,5.86
2022-07-26,11.65,8.58,2.77,5.81
2022-07-27,11.58,8.64,2.77,5.87
2022-07-28,11.58,8.64,2.79,5.85
2022-07-29,11.44,8.74,2.76,5.99
2022-08-01,11.48,8.71,2.73,5.98
2022-08-02,11.28,8.87,2.73,6.13
2022-08-03,11.18,8.94,2.72,6.22
2022-08-04,11.28,8.87,2.72,6.15
2022-08-05,11.41,8.76,2.73,6.03
2022-08-08,11.39,8.78,2.74,6.04
2022-08-09,11.41,8.76,2.74,6.02
2022-08-10,11.3,8.85,2.74,6.11
2022-08-11,11.52,8.68,2.73,5.95
2022-08-12,11.5,8.7,2.73,5.96
2022-08-15,11.47,8.72,2.66,6.06
2022-08-16,11.43,8.75,2.63,6.11
2022-08-17,11.53,8.67,2.61,6.06
2022-08-18,11.43,8.75,2.58,6.17
2022-08-19,11.38,8.79,2.59,6.2
2022-08-22,11.45,8.73,2.59,6.14
2022-08-23,11.39,8.78,2.61,6.17
2022-08-24,11.18,8.94,2.61,6.33
2022-08-25,11.29,8.86,2.64,6.22
2022-08-26,11.21,8.92,2.64,6.28
2022-08-29,11.11,9.0,2.62,6.38
2022-08-30,11.1,9.01,2.61,6.4
2022-08-31,11.02,9.07,2.62,6.45
2022-09-01,10.95,9.13,2.61,6.52
2022-09-02,10.89,9.18,2.62,6.56
2022-09-05,10.9,9.17,2.62,6.56
2022-09-06,10.98,9.11,2.61,6.49
2022-09-07,10.99,9.1,2.62,6.48
2022-09-08,10.96,9.12,2.63,6.5
2022-09-09,11.1,9.01,2.63,6.37
2022-09-13,11.13,8.98,2.64,6.34
2022-09-14,11.02,9.07,2.66,6.41
2022-09-15,10.95,9.13,2.66,6.47
2022-09-16,10.7,9.35,2.67,6.67
2022-09-19,10.7,9.35,2.67,6.67
2022-09-20,10.7,9.35,2.66,6.68
2022-09-21,10.65,9.39,2.65,6.74
2022-09-22,10.59,9.44,2.65,6.79
2022-09-23,10.6,9.43,2.68,6.75
2022-09-26,10.51,9.51,2.72,6.8
2022-09-27,10.64,9.4,2.71,6.69
2022-09-28,10.51,9.51,2.74,6.77
2022-09-29,10.5,9.52,2.75,6.77
2022-09-30,10.47,9.55,2.76,6.79
2022-10-10,10.29,9.72,2.74,6.98
2022-10-11,10.3,9.71,2.74,6.97
2022-10-12,10.43,9.59,2.74,6.85
2022-10-13,10.34,9.67,2.73,6.95
2022-10-14,10.52,9.51,2.7,6.81
2022-10-17,10.51,9.51,2.7,6.81
2022-10-18,10.48,9.54,2.7,6.84
2022-10-19,10.34,9.67,2.71,6.97
2022-10-20,10.3,9.71,2.72,6.99
2022-10-21,10.25,9.76,2.73,7.03
2022-10-24,9.98,10.02,2.72,7.3
2022-10-25,9.97,10.03,2.73,7.3
2022-10-26,10.04,9.96,2.7,7.26
2022-10-27,10.0,10.0,2.7,7.3
2022-10-28,9.73,10.28,2.67,7.61
2022-10-31,9.61,10.41,2.64,7.76
2022-11-01,9.89,10.11,2.66,7.45
2022-11-02,9.99,10.01,2.69,7.32
2022-11-03,9.92,10.08,2.68,7.4
2022-11-04,10.2,9.8,2.7,7.1
2022-11-07,10.22,9.78,2.7,7.08
2022-11-08,10.17,9.83,2.69,7.15
2022-11-09,10.08,9.92,2.7,7.23
2022-11-10,10.03,9.97,2.7,7.27
2022-11-11,10.28,9.73,2.74,6.99
2022-11-14,10.29,9.72,2.84,6.88
2022-11-15,10.45,9.57,2.82,6.75
2022-11-16,10.38,9.63,2.83,6.8
2022-11-17,10.33,9.68,2.8,6.88
2022-11-18,10.3,9.71,2.83,6.88
2022-11-21,10.22,9.78,2.82,6.97
2022-11-22,10.28,9.73,2.83,6.9
2022-11-23,10.31,9.7,2.8,6.9
2022-11-24,10.26,9.75,2.79,6.95
2022-11-25,10.37,9.64,2.83,6.81
2022-11-28,10.25,9.76,2.86,6.9
2022-11-29,10.54,9.49,2.88,6.61
2022-11-30,10.57,9.46,2.88,6.58
2022-12-01,10.64,9.4,2.86,6.54
2022-12-02,10.57,9.46,2.87,6.59
2022-12-05,10.81,9.25,2.89,6.36
2022-12-06,10.86,9.21,2.92,6.29
2022-12-07,10.8,9.26,2.87,6.39
2022-12-08,10.8,9.26,2.89,6.37
2022-12-09,10.88,9.19,2.89,6.3
2022-12-12,10.8,9.26,2.89,6.37
2022-12-13,10.8,9.26,2.9,6.36
2022-12-14,10.81,9.25,2.87,6.39
2022-12-15,10.79,9.27,2.88,6.38
2022-12-16,10.81,9.25,2.89,6.37
2022-12-19,10.63,9.41,2.86,6.54
2022-12-20,10.48,9.54,2.87,6.67
2022-12-21,10.49,9.53,2.86,6.67
2022-12-22,10.51,9.51,2.85,6.66
2022-12-23,10.5,9.52,2.83,6.7
2022-12-26,10.52,9.51,2.84,6.67
2022-12-27,10.64,9.4,2.87,6.53
2022-12-28,10.62,9.42,2.85,6.57
2022-12-29,10.56,9.47,2.84,6.63
2022-12-30,10.59,9.44,2.84,6.61
2023-01-03,10.65,9.39,2.82,6.57
2023-01-04,10.69,9.35,2.81,6.54
2023-01-05,10.85,9.22,2.83,6.39
2023-01-06,10.89,9.18,2.83,6.35
2023-01-09,10.96,9.12,2.84,6.28
2023-01-10,10.95,9.13,2.86,6.27
2023-01-11,10.96,9.12,2.86,6.26
2023-01-12,10.99,9.1,2.88,6.22
2023-01-13,11.13,8.98,2.9,6.08
2023-01-16,11.23,8.9,2.92,5.99
2023-01-17,11.2,8.93,2.9,6.03
2023-01-18,11.2,8.93,2.92,6.01
2023-01-19,11.25,8.89,2.91,5.97
2023-01-20,11.33,8.83,2.93,5.89
2023-01-30,11.35,8.81,2.91,5.9
2023-01-31,11.26,8.88,2.9,5.98
2023-02-01,11.36,8.8,2.91,5.89
2023-02-02,11.33,8.83,2.9,5.93
2023-02-03,11.24,8.9,2.89,6.0
2023-02-06,11.12,8.99,2.9,6.09
2023-02-07,11.13,8.98,2.9,6.09
2023-02-08,11.08,9.03,2.9,6.13
2023-02-09,11.22,8.91,2.89,6.02
2023-02-10,11.17,8.95,2.9,6.05
2023-02-13,11.24,8.9,2.89,6.0
2023-02-14,11.26,8.88,2.89,5.99
2023-02-15,11.21,8.92,2.89,6.03
2023-02-16,11.16,8.96,2.89,6.07
2023-02-17,11.03,9.07,2.89,6.17
2023-02-20,11.31,8.84,2.92,5.92
2023-02-21,11.34,8.82,2.92,5.9
2023-02-22,11.24,8.9,2.92,5.98
2023-02-23,11.23,8.9,2.92,5.98
2023-02-24,11.12,8.99,2.91,6.08
2023-02-27,11.09,9.02,2.91,6.11
2023-02-28,11.17,8.95,2.9,6.05
2023-03-01,11.34,8.82,2.9,5.92
2023-03-02,11.33,8.83,2.91,5.92
2023-03-03,11.42,8.76,2.9,5.85
2023-03-06,11.37,8.8,2.88,5.91
2023-03-07,11.25,8.89,2.87,6.02
2023-03-08,11.22,8.91,2.88,6.03
2023-03-09,11.2,8.93,2.88,6.05
2023-03-10,11.03,9.07,2.86,6.2
2023-03-13,11.2,8.93,2.87,6.06
2023-03-14,11.12,8.99,2.87,6.13
2023-03-15,11.16,8.96,2.87,6.1
2023-03-16,11.1,9.01,2.86,6.15
2023-03-17,11.18,8.94,2.86,6.08
2023-03-20,11.1,9.01,2.85,6.16
2023-03-21,11.17,8.95,2.86,6.09
2023-03-22,11.23,8.9,2.86,6.05
2023-03-23,11.34,8.82,2.87,5.95
2023-03-24,11.27,8.87,2.87,6.01
2023-03-27,11.19,8.94,2.86,6.08
2023-03-28,11.2,8.93,2.86,6.07
2023-03-29,11.2,8.93,2.85,6.08
2023-03-30,11.27,8.87,2.86,6.01
2023-03-31,11.27,8.87,2.85,6.02
2023-04-03,11.38,8.79,2.86,5.93
2023-04-04,11.48,8.71,2.86,5.85
2023-04-06,11.47,8.72,2.86,5.86
2023-04-07,11.52,8.68,2.85,5.83
2023-04-10,11.5,8.7,2.85,5.85
2023-04-11,11.48,8.71,2.82,5.89
2023-04-12,11.52,8.68,2.82,5.86
2023-04-13,11.47,8.72,2.83,5.89
2023-04-14,11.56,8.65,2.83,5.82
2023-04-17,11.78,8.49,2.84,5.65
2023-04-18,11.89,8.41,2.83,5.58
2023-04-19,11.79,8.48,2.83,5.65
2023-04-20,11.79,8.48,2.83,5.65
2023-04-21,11.56,8.65,2.83,5.82
2023-04-24,11.48,8.71,2.82,5.89
2023-04-25,11.44,8.74,2.82,5.93
2023-04-26,11.39,8.78,2.81,5.97
2023-04-27,11.42,8.76,2.79,5.97
2023-04-28,11.47,8.72,2.78,5.94
2023-05-04,11.56,8.65,2.76,5.89
2023-05-05,11.53,8.67,2.73,5.94
2023-05-08,11.8,8.47,2.75,5.73
2023-05-09,11.67,8.57,2.74,5.83
2023-05-10,11.5,8.7,2.72,5.97
2023-05-11,11.45,8.73,2.7,6.03
2023-05-12,11.31,8.84,2.71,6.14
2023-05-15,11.47,8.72,2.72,6.0
2023-05-16,11.4,8.77,2.71,6.06
2023-05-17,11.32,8.83,2.72,6.11
2023-05-18,11.38,8.79,2.72,6.07
2023-05-19,11.32,8.83,2.72,6.12
2023-05-22,11.38,8.79,2.71,6.07
2023-05-23,11.19,8.94,2.7,6.24
2023-05-24,11.0,9.09,2.7,6.39
2023-05-25,10.97,9.12,2.71,6.41
2023-05-26,11.0,9.09,2.72,6.37
2023-05-29,11.02,9.07,2.69,6.38
2023-05-30,11.03,9.07,2.7,6.37
2023-05-31,10.93,9.15,2.69,6.46
2023-06-01,10.97,9.12,2.68,6.43
2023-06-02,11.08,9.03,2.7,6.33
2023-06-05,11.07,9.03,2.69,6.34
2023-06-06,11.0,9.09,2.68,6.41
2023-06-07,10.96,9.12,2.68,6.44
2023-06-08,11.08,9.03,2.68,6.34
2023-06-09,11.14,8.98,2.67,6.31
2023-06-12,11.1,9.01,2.67,6.34
2023-06-13,11.12,8.99,2.62,6.37
2023-06-14,11.08,9.03,2.62,6.41
2023-06-15,11.22,8.91,2.65,6.26
2023-06-16,11.29,8.86,2.66,6.19
2023-06-19,11.2,8.93,2.69,6.24
2023-06-20,11.14,8.98,2.68,6.3
2023-06-21,11.0,9.09,2.67,6.42
2023-06-26,10.86,9.21,2.67,6.54
2023-06-27,10.98,9.11,2.67,6.44
2023-06-28,10.96,9.12,2.67,6.46
2023-06-29,10.92,9.16,2.65,6.5
2023-06-30,10.97,9.12,2.64,6.48
2023-07-03,11.13,8.98,2.64,6.34
2023-07-04,11.13,8.98,2.65,6.34
2023-07-05,11.04,9.06,2.64,6.42
2023-07-06,10.97,9.12,2.64,6.48
2023-07-07,10.93,9.15,2.64,6.51
2023-07-10,10.96,9.12,2.64,6.48
2023-07-11,11.02,9.07,2.64,6.44
2023-07-12,10.95,9.13,2.64,6.49
2023-07-13,11.12,8.99,2.64,6.35
2023-07-14,11.12,8.99,2.64,6.35
2023-07-17,10.99,9.1,2.64,6.46
2023-07-18,10.94,9.14,2.62,6.52
2023-07-19,10.94,9.14,2.62,6.52
2023-07-20,10.86,9.21,2.62,6.59
2023-07-21,10.85,9.22,2.61,6.61
2023-07-24,10.82,9.24,2.59,6.65
2023-07-25,11.11,9.0,2.66,6.34
2023-07-26,11.07,9.03,2.64,6.39
2023-07-27,11.07,9.03,2.64,6.39
2023-07-28,11.33,8.83,2.65,6.17
2023-07-31,11.36,8.8,2.66,6.14
2023-08-01,11.34,8.82,2.66,6.16
2023-08-02,11.21,8.92,2.65,6.27
2023-08-03,11.29,8.86,2.64,6.21
2023-08-04,11.36,8.8,2.65,6.16
2023-08-07,11.28,8.87,2.65,6.22
2023-08-08,11.26,8.88,2.65,6.24
2023-08-09,11.23,8.9,2.65,6.26
2023-08-10,11.26,8.88,2.65,6.23
2023-08-11,11.02,9.07,2.64,6.44
2023-08-14,10.94,9.14,2.62,6.52
2023-08-15,10.93,9.15,2.58,6.57
2023-08-16,10.84,9.23,2.56,6.66
2023-08-17,10.85,9.22,2.57,6.65
2023-08-18,10.75,9.3,2.56,6.74
2023-08-21,10.62,9.42,2.54,6.88
2023-08-22,10.75,9.3,2.56,6.75
2023-08-23,10.62,9.42,2.55,6.86
2023-08-24,10.66,9.38,2.55,6.83
2023-08-25,10.63,9.41,2.57,6.84
2023-08-28,10.84,9.23,2.58,6.64
2023-08-29,10.87,9.2,2.57,6.63
2023-08-30,10.95,9.13,2.56,6.57
2023-08-31,10.99,9.1,2.56,6.54
2023-09-01,11.05,9.05,2.58,6.46
2023-09-04,11.22,8.91,2.61,6.3
2023-09-05,11.13,8.98,2.62,6.37
2023-09-06,11.12,8.99,2.64,6.36
2023-09-07,11.0,9.09,2.63,6.46
2023-09-08,10.96,9.12,2.64,6.49
2023-09-11,11.03,9.07,2.63,6.44
2023-09-12,11.01,9.08,2.62,6.46
2023-09-13,10.97,9.12,2.62,6.5
2023-09-14,11.0,9.09,2.61,6.48
2023-09-15,10.93,9.15,2.64,6.51
2023-09-18,10.96,9.12,2.65,6.47
2023-09-19,10.98,9.11,2.66,6.44
2023-09-20,10.95,9.13,2.67,6.47
2023-09-21,10.86,9.21,2.66,6.55
2023-09-22,11.02,9.07,2.68,6.4
2023-09-25,10.96,9.12,2.7,6.43
2023-09-26,10.9,9.17,2.7,6.48
2023-09-27,10.9,9.17,2.69,6.49
2023-09-28,10.87,9.2,2.68,6.52
2023-10-09,10.87,9.2,2.67,6.53
2023-10-10,10.79,9.27,2.68,6.59
2023-10-11,10.81,9.25,2.7,6.55
2023-10-12,10.94,9.14,2.69,6.45
2023-10-13,10.88,9.19,2.67,6.52
2023-10-16,10.81,9.25,2.68,6.57
2023-10-17,10.88,9.19,2.69,6.5
2023-10-18,10.82,9.24,2.71,6.54
2023-10-19,10.59,9.44,2.72,6.73
2023-10-20,10.5,9.52,2.71,6.82
2023-10-23,10.4,9.62,2.7,6.91
2023-10-24,10.4,9.62,2.72,6.9
2023-10-25,10.38,9.63,2.71,6.93
2023-10-26,10.46,9.56,2.72,6.85
2023-10-27,10.54,9.49,2.71,6.77
2023-10-30,10.59,9.44,2.71,6.73
2023-10-31,10.64,9.4,2.69,6.7
2023-11-01,10.66,9.38,2.69,6.7
2023-11-02,10.63,9.41,2.66,6.75
2023-11-03,10.69,9.35,2.66,6.69
2023-11-06,10.75,9.3,2.66,6.65
2023-11-07,10.72,9.33,2.66,6.67
2023-11-08,10.69,9.35,2.65,6.71
2023-11-09,10.72,9.33,2.65,6.68
2023-11-10,10.67,9.37,2.64,6.73
2023-11-13,10.65,9.39,2.65,6.74
2023-11-14,10.66,9.38,2.66,6.72
2023-11-15,10.73,9.32,2.66,6.66
2023-11-16,10.65,9.39,2.66,6.73
2023-11-17,10.62,9.42,2.65,6.76
2023-11-20,10.64,9.4,2.66,6.74
2023-11-21,10.66,9.38,2.67,6.71
2023-11-22,10.58,9.45,2.68,6.77
2023-11-23,10.62,9.42,2.7,6.71
2023-11-24,10.57,9.46,2.71,6.76
2023-11-27,10.49,9.53,2.71,6.82
2023-11-28,10.5,9.52,2.69,6.83
2023-11-29,10.42,9.6,2.68,6.91
2023-11-30,10.48,9.54,2.67,6.87
2023-12-01,10.46,9.56,2.66,6.9
2023-12-04,10.4,9.62,2.67,6.94
2023-12-05,10.23,9.78,2.67,7.11
2023-12-06,10.2,9.8,2.67,7.13
2023-12-07,10.19,9.81,2.66,7.15
2023-12-08,10.22,9.78,2.66,7.12
2023-12-11,10.28,9.73,2.64,7.08
2023-12-12,10.32,9.69,2.64,7.05
2023-12-13,10.18,9.82,2.62,7.2
2023-12-14,10.13,9.87,2.64,7.23
2023-12-15,10.09,9.91,2.62,7.29
2023-12-18,10.09,9.91,2.61,7.3
2023-12-19,10.11,9.89,2.62,7.27
2023-12-20,10.02,9.98,2.62,7.36
2023-12-21,10.08,9.92,2.59,7.33
2023-12-22,10.12,9.88,2.59,7.29
2023-12-25,10.16,9.84,2.57,7.27
2023-12-26,10.12,9.88,2.58,7.3
2023-12-27,10.18,9.82,2.56,7.27
2023-12-28,10.33,9.68,2.57,7.11
2023-12-29,10.38,9.63,2.56,7.08
2024-01-02,10.37,9.64,2.56,7.08
2024-01-03,10.31,9.7,2.55,7.15
2024-01-04,10.27,9.74,2.54,7.2
2024-01-05,10.22,9.78,2.52,7.27
2024-01-08,10.12,9.88,2.51,7.37
2024-01-09,10.12,9.88,2.49,7.4
2024-01-10,10.06,9.94,2.5,7.44
2024-01-11,10.05,9.95,2.5,7.45
2024-01-12,10.04,9.96,2.52,7.44
2024-01-15,10.06,9.94,2.52,7.42
2024-01-16,10.12,9.88,2.53,7.36
2024-01-17,9.93,10.07,2.51,7.56
2024-01-18,10.03,9.97,2.51,7.46
2024-01-19,10.01,9.99,2.5,7.49
2024-01-22,9.89,10.11,2.49,7.62
2024-01-23,9.91,10.09,2.5,7.59
2024-01-24,10.09,9.91,2.5,7.41
2024-01-25,10.34,9.67,2.5,7.17
2024-01-26,10.38,9.63,2.5,7.13
2024-01-29,10.35,9.66,2.49,7.17
2024-01-30,10.19,9.81,2.46,7.36
2024-01-31,10.16,9.84,2.43,7.41
2024-02-01,10.11,9.89,2.44,7.46
2024-02-02,10.06,9.94,2.42,7.52
2024-02-05,10.17,9.83,2.4,7.43
2024-02-06,10.42,9.6,2.45,7.14
2024-02-07,10.47,9.55,2.42,7.14
2024-02-08,10.49,9.53,2.44,7.09
2024-02-19,10.69,9.35,2.43,6.92
2024-02-20,10.73,9.32,2.41,6.91
2024-02-21,10.85,9.22,2.41,6.8
2024-02-22,10.96,9.12,2.4,6.72
2024-02-23,10.96,9.12,2.4,6.72
2024-02-26,10.79,9.27,2.38,6.89
2024-02-27,10.9,9.17,2.38,6.79
2024-02-28,10.76,9.29,2.34,6.96
2024-02-29,10.91,9.17,2.34,6.83
2024-03-01,10.95,9.13,2.37,6.76
2024-03-04,11.0,9.09,2.35,6.74
2024-03-05,11.1,9.01,2.32,6.69
2024-03-06,11.04,9.06,2.27,6.79
2024-03-07,11.03,9.07,2.28,6.79
2024-03-08,11.1,9.01,2.28,6.73
2024-03-11,11.15,8.97,2.31,6.66
2024-03-12,11.07,9.03,2.35,6.69
2024-03-13,10.99,9.1,2.33,6.77
2024-03-14,10.99,9.1,2.34,6.76
2024-03-15,11.0,9.09,2.32,6.77
2024-03-18,11.08,9.03,2.29,6.73
2024-03-19,11.02,9.07,2.28,6.79
2024-03-20,11.09,9.02,2.3,6.72
2024-03-21,11.07,9.03,2.29,6.75
2024-03-22,11.03,9.07,2.31,6.76
2024-03-25,11.01,9.08,2.32,6.77
2024-03-26,11.07,9.03,2.32,6.72
2024-03-27,10.98,9.11,2.29,6.82
2024-03-28,11.04,9.06,2.3,6.76
2024-03-29,11.21,8.92,2.29,6.63
2024-04-01,11.36,8.8,2.31,6.49
2024-04-02,11.37,8.8,2.29,6.5
2024-04-03,11.34,8.82,2.28,6.53
2024-04-08,11.29,8.86,2.28,6.58
2024-04-09,11.25,8.89,2.28,6.61
2024-04-10,11.19,8.94,2.3,6.64
2024-04-11,11.18,8.94,2.29,6.65
2024-04-12,11.1,9.01,2.28,6.73
2024-04-15,11.37,8.8,2.28,6.52
2024-04-16,11.29,8.86,2.27,6.59
2024-04-17,11.44,8.74,2.26,6.48
2024-04-18,11.44,8.74,2.25,6.49
2024-04-19,11.43,8.75,2.25,6.49
2024-04-22,11.34,8.82,2.24,6.57
2024-04-23,11.26,8.88,2.23,6.65
2024-04-24,11.29,8.86,2.27,6.58
2024-04-25,11.32,8.83,2.26,6.57
2024-04-26,11.47,8.72,2.31,6.41
2024-04-29,11.47,8.72,2.35,6.37
2024-04-30,11.63,8.6,2.3,6.3
2024-05-06,11.72,8.53,2.31,6.22
2024-05-07,11.74,8.52,2.29,6.23
2024-05-08,11.68,8.56,2.3,6.27
2024-05-09,11.74,8.52,2.32,6.2
2024-05-10,11.76,8.5,2.31,6.19
2024-05-13,11.76,8.5,2.29,6.21
2024-05-14,11.72,8.53,2.29,6.24
2024-05-15,11.63,8.6,2.3,6.3
2024-05-16,11.67,8.57,2.31,6.25
2024-05-17,11.77,8.5,2.31,6.19
2024-05-20,11.82,8.46,2.31,6.15
2024-05-21,11.79,8.48,2.31,6.17
2024-05-22,11.8,8.47,2.31,6.16
2024-05-23,11.69,8.55,2.31,6.25
2024-05-24,11.58,8.64,2.31,6.32
2024-05-27,11.72,8.53,2.31,6.22
2024-05-28,11.67,8.57,2.3,6.27
2024-05-29,11.69,8.55,2.28,6.28
2024-05-30,11.61,8.61,2.28,6.33
2024-05-31,11.57,8.64,2.29,6.35
2024-06-03,11.62,8.61,2.29,6.32
2024-06-04,11.67,8.57,2.29,6.28
2024-06-05,11.61,8.61,2.28,6.33
2024-06-06,11.63,8.6,2.28,6.32
2024-06-07,11.6,8.62,2.28,6.34
2024-06-11,11.48,8.71,2.28,6.43
2024-06-12,11.5,8.7,2.28,6.42
2024-06-13,11.48,8.71,2.27,6.44
2024-06-14,11.51,8.69,2.26,6.43
2024-06-17,11.46,8.73,2.26,6.47
2024-06-18,11.51,8.69,2.25,6.43
2024-06-19,11.51,8.69,2.24,6.45
2024-06-20,11.48,8.71,2.24,6.47
2024-06-21,11.46,8.73,2.26,6.47
2024-06-24,11.43,8.75,2.25,6.5
2024-06-25,11.39,8.78,2.23,6.54
2024-06-26,11.43,8.75,2.22,6.53
2024-06-27,11.39,8.78,2.21,6.57
2024-06-28,11.48,8.71,2.21,6.51
2024-07-01,11.57,8.64,2.25,6.39
2024-07-02,11.62,8.61,2.24,6.37
2024-07-03,11.58,8.64,2.24,6.39
2024-07-04,11.56,8.65,2.25,6.4
2024-07-05,11.46,8.73,2.28,6.45
2024-07-08,11.43,8.75,2.29,6.46
2024-07-09,11.53,8.67,2.27,6.4
2024-07-10,11.47,8.72,2.27,6.45
2024-07-11,11.54,8.67,2.26,6.4
2024-07-12,11.55,8.66,2.26,6.4
2024-07-15,11.63,8.6,2.25,6.34
2024-07-16,11.65,8.58,2.26,6.32
2024-07-17,11.6,8.62,2.26,6.36
2024-07-18,11.69,8.55,2.27,6.29
2024-07-19,11.7,8.55,2.26,6.29
2024-07-22,11.58,8.64,2.25,6.39
2024-07-23,11.43,8.75,2.23,6.52
2024-07-24,11.41,8.76,2.24,6.53
2024-07-25,11.32,8.83,2.22,6.62
2024-07-26,11.27,8.87,2.19,6.68
2024-07-29,11.27,8.87,2.16,6.72
2024-07-30,11.18,8.94,2.15,6.8
2024-07-31,11.32,8.83,2.15,6.68
2024-08-01,11.29,8.86,2.13,6.73
2024-08-02,11.19,8.94,2.13,6.81
2024-08-05,11.05,9.05,2.14,6.91
2024-08-06,11.01,9.08,2.15,6.93
2024-08-07,11.03,9.07,2.14,6.92
2024-08-08,11.03,9.07,2.18,6.89
2024-08-09,11.01,9.08,2.2,6.88
2024-08-12,11.0,9.09,2.25,6.84
2024-08-13,11.04,9.06,2.23,6.83
2024-08-14,11.0,9.09,2.2,6.89
2024-08-15,11.11,9.0,2.21,6.8
2024-08-16,11.16,8.96,2.2,6.76
2024-08-19,11.24,8.9,2.18,6.72
2024-08-20,11.16,8.96,2.17,6.79
2024-08-21,11.13,8.98,2.17,6.82
2024-08-22,11.14,8.98,2.16,6.82
2024-08-23,11.15,8.97,2.15,6.81
2024-08-26,11.11,9.0,2.16,6.84
2024-08-27,11.14,8.98,2.19,6.79
2024-08-28,11.07,9.03,2.17,6.87
2024-08-29,10.89,9.18,2.17,7.01
2024-08-30,10.86,9.21,2.17,7.04
2024-09-02,10.76,9.29,2.15,7.15
2024-09-03,10.69,9.35,2.14,7.21
2024-09-04,10.6,9.43,2.13,7.3
2024-09-05,10.58,9.45,2.13,7.32
2024-09-06,10.52,9.51,2.14,7.37
2024-09-09,10.39,9.62,2.13,7.5
2024-09-10,10.44,9.58,2.11,7.46
2024-09-11,10.33,9.68,2.1,7.58
2024-09-12,10.31,9.7,2.1,7.6
2024-09-13,10.29,9.72,2.07,7.65
2024-09-18,10.38,9.63,2.04,7.59
2024-09-19,10.42,9.6,2.04,7.55
2024-09-20,10.46,9.56,2.04,7.52
2024-09-23,10.52,9.51,2.04,7.47
2024-09-24,10.97,9.12,2.07,7.04
2024-09-25,11.11,9.0,2.04,6.96
2024-09-26,11.48,8.71,2.08,6.63
2024-09-27,11.77,8.5,2.17,6.32
2024-09-30,12.65,7.91,2.15,5.75
2024-10-08,13.23,7.56,2.19,5.37
2024-10-09,12.38,8.08,2.18,5.9
2024-10-10,12.6,7.94,2.14,5.79
2024-10-11,12.34,8.1,2.14,5.96
2024-10-14,12.59,7.94,2.14,5.81
2024-10-15,12.23,8.18,2.13,6.05
2024-10-16,12.21,8.19,2.13,6.06
2024-10-17,12.07,8.29,2.11,6.18
2024-10-18,12.4,8.06,2.12,5.94
2024-10-21,12.36,8.09,2.12,5.97
2024-10-22,12.32,8.12,2.15,5.97
2024-10-23,12.35,8.1,2.16,5.94
2024-10-24,12.24,8.17,2.17,6.0
2024-10-25,12.26,8.16,2.15,6.0
2024-10-28,12.26,8.16,2.16,5.99
2024-10-29,12.18,8.21,2.16,6.05
2024-10-30,12.03,8.31,2.16,6.15
2024-10-31,11.65,8.58,2.15,6.44
2024-11-01,11.72,8.53,2.14,6.39
2024-11-04,11.83,8.45,2.13,6.33
2024-11-05,12.08,8.28,2.11,6.17
2024-11-06,12.0,8.33,2.12,6.21
2024-11-07,12.34,8.1,2.11,5.99
2024-11-08,12.22,8.18,2.11,6.08
2024-11-11,12.21,8.19,2.09,6.1
2024-11-12,12.06,8.29,2.07,6.22
2024-11-13,12.16,8.22,2.09,6.14
2024-11-14,12.02,8.32,2.08,6.24
2024-11-15,11.88,8.42,2.09,6.32
2024-11-18,11.89,8.41,2.11,6.3
2024-11-19,11.92,8.39,2.09,6.29
2024-11-20,11.93,8.38,2.1,6.28
2024-11-21,11.93,8.38,2.08,6.3
2024-11-22,11.61,8.61,2.08,6.53
2024-11-25,11.57,8.64,2.07,6.57
2024-11-26,11.59,8.63,2.07,6.56
2024-11-27,11.75,8.51,2.06,6.46
2024-11-28,11.67,8.57,2.03,6.54
2024-11-29,11.75,8.51,2.02,6.49
2024-12-02,11.83,8.45,1.98,6.47
2024-12-03,11.89,8.41,1.99,6.42
2024-12-04,11.9,8.4,1.96,6.44
2024-12-05,11.85,8.44,1.95,6.49
2024-12-06,11.99,8.34,1.95,6.39
2024-12-09,12.0,8.33,1.92,6.42
2024-12-10,12.07,8.29,1.85,6.44
2024-12-11,12.03,8.31,1.82,6.49
2024-12-12,12.15,8.23,1.82,6.41
2024-12-13,11.91,8.4,1.78,6.62
2024-12-16,11.97,8.35,1.72,6.63
2024-12-17,11.99,8.34,1.72,6.62
2024-12-18,12.06,8.29,1.76,6.54
2024-12-19,12.03,8.31,1.74,6.57
2024-12-20,11.97,8.35,1.7,6.65
2024-12-23,12.07,8.29,1.7,6.58
2024-12-24,12.23,8.18,1.72,6.46
2024-12-25,12.3,8.13,1.74,6.39
2024-12-26,12.27,8.15,1.71,6.44
2024-12-27,12.25,8.16,1.69,6.47
2024-12-30,12.33,8.11,1.71,6.4
2024-12-31,12.19,8.2,1.68,6.53
2025-01-02,11.84,8.45,1.61,6.84
2025-01-03,11.73,8.53,1.6,6.92
2025-01-06,11.7,8.55,1.6,6.95
2025-01-07,11.75,8.51,1.61,6.9
2025-01-08,11.77,8.5,1.61,6.89
2025-01-09,11.69,8.55,1.64,6.92
2025-01-10,11.55,8.66,1.63,7.02
2025-01-13,11.51,8.69,1.66,7.03
2025-01-14,11.74,8.52,1.64,6.87
2025-01-15,11.68,8.56,1.63,6.93
2025-01-16,11.72,8.53,1.64,6.89
2025-01-17,11.73,8.53,1.66,6.87
2025-01-20,11.72,8.53,1.67,6.86
2025-01-21,11.7,8.55,1.65,6.9
2025-01-22,11.59,8.63,1.66,6.97
2025-01-23,11.68,8.56,1.66,6.9
2025-01-24,11.72,8.53,1.66,6.88
2025-01-27,11.74,8.52,1.63,6.89
2025-02-05,11.62,8.61,1.62,6.99
2025-02-06,11.73,8.53,1.6,6.93
2025-02-07,11.83,8.45,1.6,6.85
2025-02-10,11.85,8.44,1.63,6.8
2025-02-11,11.86,8.43,1.63,6.8
2025-02-12,11.96,8.36,1.63,6.73
2025-02-13,11.93,8.38,1.63,6.75
2025-02-14,12.02,8.32,1.65,6.66
2025-02-17,12.04,8.31,1.69,6.61
2025-02-18,11.99,8.34,1.7,6.64
2025-02-19,12.02,8.32,1.66,6.66
2025-02-20,11.99,8.34,1.69,6.66
2025-02-21,12.09,8.27,1.72,6.55
2025-02-24,12.03,8.31,1.76,6.55
2025-02-25,11.89,8.41,1.73,6.68
2025-02-26,11.96,8.36,1.73,6.64
2025-02-27,12.0,8.33,1.76,6.58
2025-02-28,11.82,8.46,1.72,6.75
2025-03-03,11.81,8.47,1.7,6.77
2025-03-04,11.75,8.51,1.71,6.8
2025-03-05,11.84,8.45,1.71,6.74
2025-03-06,11.94,8.38,1.75,6.63
2025-03-07,11.92,8.39,1.8,6.59
2025-03-10,11.85,8.44,1.81,6.63
2025-03-11,11.89,8.41,1.89,6.53
2025-03-12,11.86,8.43,1.83,6.6
2025-03-13,11.85,8.44,1.86,6.58
2025-03-14,12.12,8.25,1.83,6.42
2025-03-17,12.11,8.26,1.9,6.36
2025-03-18,12.12,8.25,1.89,6.36
2025-03-19,12.15,8.23,1.87,6.36
2025-03-20,12.04,8.31,1.83,6.47
2025-03-21,11.89,8.41,1.85,6.56
2025-03-24,11.92,8.39,1.84,6.55
2025-03-25,11.91,8.4,1.82,6.58
2025-03-26,11.87,8.42,1.79,6.63
2025-03-27,11.9,8.4,1.81,6.6
2025-03-28,11.81,8.47,1.81,6.65
2025-03-31,11.78,8.49,1.81,6.68
2025-04-01,11.78,8.49,1.81,6.68
2025-04-02,11.79,8.48,1.79,6.69
2025-04-03,11.78,8.49,1.72,6.77
2025-04-07,11.07,9.03,1.63,7.4
2025-04-08,11.29,8.86,1.66,7.19
2025-04-09,11.35,8.81,1.65,7.16
2025-04-10,11.44,8.74,1.64,7.1
2025-04-11,11.46,8.73,1.66,7.07
2025-04-14,11.53,8.67,1.66,7.01
2025-04-15,11.57,8.64,1.66,6.98
2025-04-16,11.64,8.59,1.64,6.95
2025-04-17,11.64,8.59,1.65,6.94
2025-04-18,11.65,8.58,1.65,6.93
2025-04-21,11.66,8.58,1.67,6.91
2025-04-22,11.71,8.54,1.65,6.89
2025-04-23,11.68,8.56,1.66,6.9
2025-04-24,11.7,8.55,1.66,6.88
2025-04-25,11.64,8.59,1.66,6.93
2025-04-28,11.65,8.58,1.65,6.94
2025-04-29,11.63,8.6,1.62,6.97
2025-04-30,11.49,8.7,1.62,7.08
2025-05-06,11.56,8.65,1.63,7.02
2025-05-07,11.67,8.57,1.64,6.93
2025-05-08,11.71,8.54,1.63,6.91
2025-05-09,11.71,8.54,1.64,6.9
2025-05-12,11.8,8.47,1.69,6.79
2025-05-13,11.83,8.45,1.67,6.78
2025-05-14,11.97,8.35,1.67,6.68
2025-05-15,11.9,8.4,1.68,6.72
2025-05-16,11.83,8.45,1.68,6.77
2025-05-19,11.79,8.48,1.69,6.79
2025-05-20,11.85,8.44,1.7,6.74
2025-05-21,11.91,8.4,1.71,6.69
2025-05-22,11.91,8.4,1.72,6.68
2025-05-23,11.81,8.47,1.72,6.75
2025-05-26,11.75,8.51,1.72,6.79
2025-05-27,11.72,8.53,1.73,6.81
2025-05-28,11.72,8.53,1.68,6.85
2025-05-29,11.76,8.5,1.69,6.82
2025-05-30,11.73,8.53,1.67,6.85
2025-06-03,11.77,8.5,1.68,6.82
2025-06-04,11.8,8.47,1.67,6.8
2025-06-05,11.83,8.45,1.67,6.78
2025-06-06,11.83,8.45,1.65,6.8
2025-06-09,11.83,8.45,1.66,6.8
2025-06-10,11.79,8.48,1.66,6.82
2025-06-11,12.06,8.29,1.64,6.65
2025-06-12,12.04,8.31,1.65,6.66
2025-06-13,11.99,8.34,1.64,6.7
2025-06-16,12.07,8.29,1.64,6.64
2025-06-17,12.07,8.29,1.64,6.65
2025-06-18,12.11,8.26,1.64,6.62
2025-06-19,12.09,8.27,1.64,6.63
2025-06-20,12.12,8.25,1.64,6.61
2025-06-23,12.2,8.2,1.64,6.55
2025-06-24,12.31,8.12,1.65,6.48
2025-06-25,12.45,8.03,1.65,6.38
2025-06-26,12.44,8.04,1.65,6.39
2025-06-27,12.3,8.13,1.65,6.48
2025-06-30,12.34,8.1,1.65,6.46
2025-07-01,12.39,8.07,1.64,6.43
2025-07-02,12.4,8.06,1.64,6.42
2025-07-03,12.43,8.05,1.64,6.4
2025-07-04,12.5,8.0,1.64,6.36
2025-07-07,12.46,8.03,1.64,6.39
2025-07-08,12.53,7.98,1.64,6.34
2025-07-09,12.54,7.97,1.64,6.33
2025-07-10,12.6,7.94,1.66,6.27
2025-07-11,12.57,7.96,1.67,6.29
2025-07-14,12.59,7.94,1.67,6.27
2025-07-15,12.58,7.95,1.66,6.29
2025-07-16,12.55,7.97,1.66,6.31
2025-07-17,12.57,7.96,1.66,6.29
2025-07-18,12.64,7.91,1.67,6.25
2025-07-21,12.7,7.87,1.68,6.2
2025-07-22,12.77,7.83,1.69,6.14
2025-07-23,12.79,7.82,1.7,6.11
2025-07-24,12.82,7.8,1.74,6.06
2025-07-25,12.74,7.85,1.73,6.12
2025-07-28,12.75,7.84,1.71,6.13
2025-07-29,12.59,7.94,1.75,6.2
2025-07-30,12.63,7.92,1.72,6.2
2025-07-31,12.44,8.04,1.7,6.33
2025-08-01,12.37,8.08,1.71,6.38
2025-08-04,12.42,8.05,1.71,6.34
2025-08-05,12.54,7.97,1.71,6.27
2025-08-06,12.57,7.96,1.7,6.26
2025-08-07,12.58,7.95,1.69,6.26
2025-08-08,12.56,7.96,1.69,6.27
2025-08-11,12.54,7.97,1.72,6.25
2025-08-12,12.62,7.92,1.73,6.2
2025-08-13,12.63,7.92,1.73,6.19
2025-08-14,12.63,7.92,1.73,6.18
2025-08-15,12.65,7.91,1.75,6.16
2025-08-18,12.73,7.86,1.79,6.07
2025-08-19,12.71,7.87,1.77,6.1
2025-08-20,12.83,7.79,1.78,6.01
2025-08-21,12.89,7.76,1.77,5.99
2025-08-22,13.08,7.65,1.78,5.86
2025-08-25,13.27,7.54,1.76,5.77
2025-08-26,13.21,7.57,1.76,5.81
2025-08-27,12.97,7.71,1.8,5.91
2025-08-28,13.16,7.6,1.85,5.75
2025-08-29,13.23,7.56,1.84,5.72
2025-09-01,13.23,7.56,1.83,5.73
2025-09-02,13.23,7.56,1.82,5.74
2025-09-03,13.11,7.63,1.8,5.83
2025-09-04,12.98,7.7,1.81,5.9
2025-09-05,13.1,7.63,1.83,5.81
2025-09-08,13.11,7.63,1.85,5.78
2025-09-09,13.03,7.67,1.86,5.81
2025-09-10,13.08,7.65,1.9,5.75
2025-09-11,13.29,7.52,1.87,5.65
2025-09-12,13.24,7.55,1.87,5.69
2025-09-15,13.24,7.55,1.87,5.68
2025-09-16,13.2,7.58,1.85,5.72
2025-09-17,13.26,7.54,1.83,5.71
2025-09-18,13.08,7.65,1.85,5.79
2025-09-19,13.08,7.65,1.88,5.77
2025-09-22,13.09,7.64,1.86,5.77
2025-09-23,13.14,7.61,1.88,5.73
2025-09-24,13.21,7.57,1.9,5.67
2025-09-25,13.24,7.55,1.88,5.67
2025-09-26,13.16,7.6,1.88,5.72
2025-09-29,13.3,7.52,1.89,5.63
2025-09-30,13.32,7.51,1.86,5.65
2025-10-09,13.5,7.41,1.85,5.56
2025-10-10,13.36,7.49,1.85,5.64
2025-10-13,13.3,7.52,1.84,5.68
2025-10-14,13.26,7.54,1.84,5.7
2025-10-15,13.4,7.46,1.84,5.62
2025-10-16,13.5,7.41,1.84,5.57
2025-10-17,13.27,7.54,1.82,5.71
2025-10-20,13.33,7.5,1.85,5.65
2025-10-21,13.47,7.42,1.84,5.59
2025-10-22,13.47,7.42,1.83,5.59
2025-10-23,13.53,7.39,1.84,5.55
2025-10-24,13.62,7.34,1.85,5.49
2025-10-27,13.75,7.27,1.84,5.43
2025-10-28,13.7,7.3,1.82,5.48
2025-10-29,13.7,7.3,1.82,5.48
2025-10-30,13.57,7.37,1.81,5.56
2025-10-31,13.19,7.58,1.8,5.79
2025-11-03,13.28,7.53,1.79,5.74
2025-11-04,13.25,7.55,1.8,5.75
2025-11-05,13.26,7.54,1.8,5.75
2025-11-06,13.39,7.47,1.81,5.66
2025-11-07,13.35,7.49,1.81,5.68
2025-11-10,13.41,7.46,1.81,5.64
2025-11-11,13.33,7.5,1.81,5.69
2025-11-12,13.38,7.47,1.81,5.67
2025-11-13,13.46,7.43,1.81,5.62
2025-11-14,13.31,7.51,1.81,5.7
2025-11-17,13.2,7.58,1.81,5.76
2025-11-18,13.13,7.62,1.81,5.8
2025-11-19,13.23,7.56,1.82,5.74
2025-11-20,13.22,7.56,1.81,5.75
2025-11-21,12.98,7.7,1.82,5.89
2025-11-24,12.92,7.74,1.82,5.92
2025-11-25,13.02,7.68,1.83,5.85
2025-11-26,13.02,7.68,1.85,5.83
2025-11-27,13.05,7.66,1.85,5.81
2025-11-28,13.04,7.67,1.84,5.83
2025-12-01,13.14,7.61,1.84,5.77
2025-12-02,13.12,7.62,1.84,5.78
2025-12-03,13.04,7.67,1.85,5.82
2025-12-04,13.06,7.66,1.87,5.79
2025-12-05,13.12,7.62,1.85,5.77
2025-12-08,13.18,7.59,1.85,5.74
2025-12-09,13.13,7.62,1.84,5.77
2025-12-10,13.07,7.65,1.84,5.81
2025-12-11,12.99,7.7,1.84,5.86
2025-12-12,13.02,7.68,1.84,5.84
2025-12-15,13.08,7.65,1.85,5.8
2025-12-16,12.97,7.71,1.85,5.86
2025-12-17,13.14,7.61,1.83,5.78
2025-12-18,13.14,7.61,1.84,5.77
2025-12-19,13.15,7.6,1.83,5.77
2025-12-22,13.23,7.56,1.84,5.72
2025-12-23,13.27,7.54,1.84,5.7
2025-12-24,13.29,7.52,1.84,5.69
2025-12-25,13.31,7.51,1.84,5.67
2025-12-26,13.32,7.51,1.84,5.67
2025-12-29,13.32,7.51,1.86,5.65
2025-12-30,13.35,7.49,1.86,5.63
2025-12-31,13.34,7.5,1.85,5.65
2026-01-05,13.49,7.41,1.86,5.55
2026-01-06,13.66,7.32,1.88,5.44
2026-01-07,13.58,7.36,1.9,5.46
2026-01-08,13.49,7.41,1.89,5.52
2026-01-09,13.54,7.39,1.88,5.51
2026-01-12,13.6,7.35,1.86,5.49
2026-01-13,13.59,7.36,1.85,5.51
2026-01-14,13.48,7.42,1.85,5.57
2026-01-15,13.46,7.43,1.85,5.58
2026-01-16,13.38,7.47,1.84,5.63
2026-01-19,13.37,7.48,1.84,5.64
2026-01-20,13.4,7.46,1.83,5.63
2026-01-21,13.35,7.49,1.83,5.66
2026-01-22,13.34,7.5,1.84,5.65
2026-01-23,13.25,7.55,1.83,5.72
2026-01-26,13.32,7.51,1.82,5.68
2026-01-27,13.31,7.51,1.83,5.68
2026-01-28,13.38,7.47,1.82,5.66
2026-01-29,13.5,7.41,1.82,5.59
2026-01-30,13.37,7.48,1.81,5.67
2026-02-02,13.12,7.62,1.82,5.8
2026-02-03,13.18,7.59,1.82,5.77
2026-02-04,13.33,7.5,1.82,5.68
2026-02-05,13.29,7.52,1.82,5.71
2026-02-06,13.25,7.55,1.81,5.74
2026-02-09,13.39,7.47,1.81,5.66
2026-02-10,13.43,7.45,1.81,5.64
2026-02-11,13.43,7.45,1.8,5.65
2026-02-12,13.4,7.46,1.79,5.67
2026-02-13,13.22,7.56,1.79,5.77
2026-02-24,13.36,7.49,1.8,5.68
2026-02-25,13.4,7.46,1.82,5.65
2026-02-26,13.35,7.49,1.83,5.66
2026-02-27,13.33,7.5,1.79,5.71
2026-03-02,13.48,7.42,1.78,5.64
2026-03-03,13.5,7.41,1.78,5.63
2026-03-04,13.34,7.5,1.78,5.72
2026-03-05,13.4,7.46,1.78,5.68
2026-03-06,13.41,7.46,1.78,5.68
2026-03-09,13.38,7.47,1.81,5.67
2026-03-10,13.37,7.48,1.81,5.67
2026-03-11,13.48,7.42,1.81,5.61
2026-03-12,13.48,7.42,1.81,5.61
2026-03-13,13.52,7.4,1.81,5.58
2026-03-16,13.52,7.4,1.83,5.57
2026-03-17,13.48,7.42,1.83,5.59
2026-03-18,13.5,7.41,1.82,5.59
2026-03-19,13.42,7.45,1.83,5.63
2026-03-20,13.36,7.49,1.83,5.66
2026-03-23,12.97,7.71,1.83,5.88
2026-03-24,13.08,7.65,1.83,5.82
2026-03-25,13.2,7.58,1.82,5.75
2026-03-26,13.13,7.62,1.82,5.8
2026-03-27,13.23,7.56,1.82,5.74
2026-03-30,13.29,7.52,1.81,5.72
2026-03-31,13.3,7.52,1.82,5.7
2026-04-01,13.42,7.45,1.82,5.63
2026-04-02,13.36,7.49,1.82,5.66
2026-04-03,13.24,7.55,1.82,5.73
2026-04-07,13.23,7.56,1.82,5.74
2026-04-08,13.49,7.41,1.81,5.6
2026-04-09,13.42,7.45,1.82,5.63
2026-04-10,13.52,7.4,1.81,5.58
2026-04-13,13.56,7.37,1.79,5.58
2026-04-14,13.67,7.32,1.78,5.53
2026-04-15,13.65,7.33,1.78,5.55
2026-04-16,13.72,7.29,1.78,5.51
2026-04-17,13.69,7.3,1.76,5.54
2026-04-20,13.8,7.25,1.76,5.48
2026-04-21,13.85,7.22,1.75,5.47
2026-04-22,13.87,7.21,1.74,5.47
2026-04-23,13.87,7.21,1.75,5.46
2026-04-24,13.81,7.24,1.76,5.48
2026-04-27,13.81,7.24,1.77,5.47
2026-04-28,13.81,7.24,1.77,5.48
2026-04-29,13.9,7.19,1.74,5.45
2026-04-30,13.85,7.22,1.75,5.47
2026-05-06,13.99,7.15,1.77,5.38
2026-05-07,13.97,7.16,1.76,5.4
2026-05-08,13.91,7.19,1.76,5.42
2026-05-11,14.05,7.12,1.76,5.36
2026-05-12,14.02,7.13,1.76,5.37
2026-05-13,14.09,7.1,1.75,5.35
2026-05-14,13.93,7.18,1.76,5.42
2026-05-15,13.82,7.24,1.77,5.47
2026-05-18,13.78,7.26,1.76,5.5
2026-05-19,13.85,7.22,1.73,5.49
2026-05-20,13.79,7.25,1.74,5.51
2026-05-21,13.63,7.34,1.74,5.59
2026-05-22,13.72,7.29,1.75,5.54
2026-05-25,13.86,7.22,1.75,5.47
2026-05-26,13.93,7.18,1.74,5.44
2026-05-27,13.81,7.24,1.72,5.52
2026-05-28,13.8,7.25,1.72,5.53
2026-05-29,13.8,7.25,1.71,5.54
2026-06-01,13.76,7.27,1.7,5.57
2026-06-02,13.91,7.19,1.7,5.49
2026-06-03,13.93,7.18,1.71,5.47
2026-06-04,13.8,7.25,1.71,5.54
2026-06-05,13.65,7.33,1.72,5.61
2026-06-08,13.51,7.4,1.73,5.67
2026-06-09,13.63,7.34,1.74,5.6
2026-06-10,13.56,7.37,1.75,5.63
2026-06-11,13.52,7.4,1.75,5.65
2026-06-12,13.68,7.31,1.74,5.57
2026-06-15,14.06,7.11,1.74,5.37
2026-06-16,13.96,7.16,1.73,5.43
2026-06-17,14.0,7.14,1.73,5.42
2026-06-18,13.91,7.19,1.73,5.46
2026-06-22,14.19,7.05,1.74,5.31
2026-06-23,13.93,7.18,1.74,5.44
2026-06-24,13.9,7.19,1.75,5.45
2026-06-25,13.98,7.15,1.74,5.42
2026-06-26,13.62,7.34,1.73,5.61
2026-06-29,13.76,7.27,1.72,5.55
